id_vacante,fecha,fecha_requisicion,id_colaborador,id_area,id_cargo,id_sucursal,id_antiguedad,fuente,costo_publicacion,costo_evaluacion,costo_agencia,candidatos
1,2024-01-07,2023-12-20,351,1,1,11,1,Portal de empleo,57.74,144.24,0,38
2,2023-10-17,2023-09-17,352,1,3,7,1,Portal de empleo,55.65,119.36,0,30
3,2025-08-18,2025-07-25,353,1,2,9,1,Universidad,84.92,126.41,0,16
4,2024-02-21,2024-02-01,354,1,1,1,1,Portal de empleo,61.09,121.81,0,47
5,2023-06-18,2023-05-25,355,1,5,2,1,Portal de empleo,25.68,75.78,0,33
6,2024-02-20,2024-02-03,356,1,1,7,1,Agencia,81.47,108.16,575.75,9
7,2024-05-14,2024-04-20,357,1,5,8,1,Portal de empleo,56.98,100.44,0,29
8,2024-08-21,2024-07-23,358,1,2,13,1,Portal de empleo,88.72,78.56,0,48
9,2026-04-01,2026-03-04,359,1,3,11,1,Universidad,78.49,125.09,0,15
10,2023-04-09,2023-03-14,360,1,2,23,1,Referido,44.95,92.4,0,53
11,2024-12-25,2024-12-10,361,1,1,4,1,Portal de empleo,34.56,61.12,0,25
12,2026-07-30,2026-07-06,362,1,5,17,1,Referido,50.65,97.3,0,5
13,2024-12-09,2024-11-28,363,1,4,13,1,Referido,70.65,123.57,0,46
14,2024-04-28,2024-04-05,364,1,5,2,1,Portal de empleo,58.26,145.32,0,32
15,2026-07-15,2026-06-11,365,3,9,27,1,Referido,70.61,150.04,0,21
16,2025-04-19,2025-04-07,366,1,1,7,1,Portal de empleo,51.5,137.36,0,5
17,2026-06-14,2026-05-25,367,1,2,11,1,Referido,72.17,149.17,0,12
18,2025-03-25,2025-02-27,368,1,5,5,1,Universidad,82.43,80.91,0,6
19,2025-11-16,2025-11-07,369,1,5,3,1,Portal de empleo,25.53,101.04,0,33
20,2024-11-26,2024-11-06,370,2,6,26,1,Referido,86.72,134.55,0,26
21,2025-05-02,2025-04-04,371,1,5,8,1,Portal de empleo,54.26,143.95,0,12
22,2025-12-16,2025-11-24,372,1,5,20,1,Portal de empleo,37.83,68.45,0,50
23,2026-05-10,2026-04-16,373,2,6,25,1,Referido,66.87,89.88,0,17
24,2024-06-19,2024-06-01,374,1,4,3,1,Universidad,60.03,151.44,0,32
25,2026-02-15,2025-12-30,375,1,3,16,1,Referido,35.24,91.09,0,37
26,2023-01-15,2022-12-11,376,3,10,27,1,Portal de empleo,56.55,81.79,0,24
27,2025-03-12,2025-02-07,377,1,5,16,1,Referido,41.18,72.94,0,13
28,2023-03-14,2023-02-20,378,1,1,17,1,Portal de empleo,36.05,136.55,0,54
29,2024-01-16,2023-12-12,379,6,16,27,1,Portal de empleo,67.05,111.56,0,31
30,2023-06-24,2023-06-09,380,1,1,5,1,Referido,80.0,113.66,0,17
31,2024-07-09,2024-06-12,381,1,2,17,1,Referido,62.88,154.32,0,12
32,2026-01-18,2026-01-08,382,1,2,19,1,Agencia,69.04,107.68,351.9,45
33,2026-03-04,2026-01-29,383,1,1,9,1,Portal de empleo,46.92,123.43,0,11
34,2023-10-27,2023-09-25,384,2,6,25,1,Referido,76.47,121.14,0,21
35,2025-08-14,2025-07-11,385,1,1,22,1,Referido,88.73,81.53,0,17
36,2026-04-01,2026-03-01,386,1,1,5,1,Portal de empleo,61.28,66.66,0,18
37,2023-09-29,2023-09-16,387,1,5,18,1,Referido,29.12,76.77,0,17
38,2026-03-20,2026-02-18,388,1,2,17,1,Portal de empleo,48.64,71.82,0,10
39,2023-09-10,2023-07-26,389,1,3,6,1,Universidad,30.45,138.21,0,55
40,2024-01-18,2023-12-15,390,1,4,12,1,Portal de empleo,81.76,77.89,0,46
41,2025-09-30,2025-09-05,391,2,7,26,1,Portal de empleo,28.66,144.13,0,19
42,2026-02-10,2026-01-09,392,6,16,27,1,Referido,64.65,112.37,0,55
43,2023-12-28,2023-12-16,393,1,4,4,1,Referido,81.54,118.76,0,21
44,2024-07-27,2024-06-19,394,1,3,4,1,Referido,74.95,134.02,0,49
45,2025-06-04,2025-04-18,395,1,3,2,1,Universidad,35.86,66.73,0,7
46,2026-04-15,2026-03-18,396,6,16,27,1,Referido,34.59,153.64,0,49
47,2023-02-13,2023-01-12,397,1,3,7,1,Universidad,73.11,155.91,0,26
48,2024-05-30,2024-05-01,398,5,14,27,1,Portal de empleo,79.57,113.8,0,17
49,2023-02-13,2023-02-01,399,1,1,20,1,Referido,84.58,133.44,0,13
50,2024-06-22,2024-06-10,400,1,1,1,1,Portal de empleo,46.96,109.6,0,34
51,2025-12-21,2025-11-17,401,1,3,9,1,Portal de empleo,58.49,127.99,0,10
52,2024-07-23,2024-06-20,402,1,4,10,1,Universidad,83.88,69.36,0,21
53,2023-08-27,2023-07-24,403,1,3,1,1,Portal de empleo,54.64,86.48,0,55
54,2024-03-27,2024-02-26,404,1,5,10,1,Portal de empleo,52.01,120.48,0,12
55,2025-12-04,2025-11-25,405,1,1,7,1,Portal de empleo,55.31,104.66,0,48
56,2025-01-16,2024-12-17,406,1,3,4,1,Referido,64.85,87.56,0,14
57,2025-01-15,2025-01-03,407,1,1,3,1,Portal de empleo,77.83,69.3,0,11
58,2024-08-18,2024-08-05,408,1,2,13,1,Portal de empleo,54.16,80.73,0,18
59,2025-02-13,2025-02-01,409,2,6,26,1,Referido,30.43,80.52,0,52
60,2024-10-23,2024-10-11,410,1,1,21,1,Portal de empleo,77.62,111.93,0,47
61,2026-05-14,2026-04-20,411,1,1,21,1,Portal de empleo,31.29,135.34,0,9
62,2023-07-29,2023-06-13,412,3,10,27,1,Portal de empleo,46.33,147.72,0,19
63,2024-06-07,2024-05-08,413,2,7,26,1,Portal de empleo,39.49,62.02,0,52
64,2024-12-10,2024-11-17,414,1,2,19,1,Universidad,27.01,132.05,0,13
65,2025-05-27,2025-04-28,415,1,1,23,1,Agencia,58.73,78.2,776.12,54
66,2024-04-19,2024-03-20,416,1,1,8,1,Portal de empleo,29.26,129.89,0,23
67,2024-11-12,2024-10-17,417,1,1,19,1,Universidad,45.42,126.06,0,31
68,2026-04-21,2026-03-28,418,1,1,24,1,Referido,89.25,128.21,0,17
69,2026-01-10,2025-12-24,419,1,2,22,1,Portal de empleo,87.03,129.72,0,6
70,2025-11-15,2025-10-25,420,1,5,17,1,Agencia,73.68,137.9,429.79,15
71,2024-03-27,2024-02-28,421,1,1,13,1,Portal de empleo,38.18,135.74,0,34
72,2023-03-27,2023-03-02,422,1,1,14,1,Agencia,36.78,122.79,486.08,14
73,2025-07-24,2025-06-24,423,1,5,22,1,Portal de empleo,30.47,146.56,0,21
74,2024-09-23,2024-08-26,424,1,1,24,1,Referido,73.97,69.69,0,39
75,2024-10-11,2024-09-21,425,1,1,7,1,Referido,84.87,99.07,0,46
76,2024-11-25,2024-11-08,426,1,1,17,1,Referido,83.3,133.22,0,31
77,2025-09-28,2025-09-19,427,1,2,16,1,Universidad,57.14,143.78,0,32
78,2023-03-21,2023-02-26,428,1,2,15,1,Portal de empleo,65.06,104.35,0,31
79,2024-08-18,2024-07-15,429,1,1,13,1,Portal de empleo,79.33,84.89,0,42
80,2023-07-16,2023-06-28,430,1,1,4,1,Referido,30.52,151.35,0,16
81,2024-01-03,2023-12-12,431,1,1,12,1,Portal de empleo,42.23,73.2,0,17
82,2025-07-05,2025-06-14,432,6,15,27,1,Universidad,38.46,142.0,0,46
83,2026-06-27,2026-05-10,433,1,3,9,1,Portal de empleo,29.91,85.75,0,22
84,2024-06-30,2024-06-19,434,1,1,15,1,Referido,83.39,109.92,0,17
85,2024-03-22,2024-03-12,435,1,4,7,1,Portal de empleo,42.64,78.74,0,30
86,2026-06-22,2026-06-03,436,1,2,3,1,Referido,53.77,107.53,0,53
87,2025-07-13,2025-06-18,437,1,5,12,1,Referido,49.99,101.4,0,5
88,2025-03-05,2025-02-13,438,2,6,25,1,Portal de empleo,74.44,131.04,0,5
89,2025-09-01,2025-07-28,439,3,9,27,1,Agencia,45.35,124.38,679.45,25
90,2023-06-20,2023-05-16,440,2,6,25,1,Universidad,81.17,137.59,0,19
91,2024-05-21,2024-04-27,441,1,4,7,1,Portal de empleo,64.78,140.65,0,46
92,2025-03-18,2025-02-25,442,1,1,2,1,Portal de empleo,63.7,79.25,0,21
93,2026-03-12,2026-03-02,443,1,2,23,1,Agencia,87.07,132.0,790.75,52
94,2025-06-21,2025-05-11,444,1,3,16,1,Referido,63.66,113.78,0,12
95,2025-02-18,2025-01-24,445,1,2,16,1,Referido,33.89,107.66,0,44
96,2023-07-09,2023-06-16,446,1,4,2,1,Referido,86.89,96.54,0,26
97,2024-01-25,2024-01-16,447,2,7,26,1,Universidad,70.91,112.65,0,44
98,2026-02-14,2026-01-29,448,1,5,24,1,Portal de empleo,75.87,88.66,0,52
99,2023-09-24,2023-08-13,449,1,3,24,1,Portal de empleo,73.24,147.47,0,26
100,2026-02-26,2026-02-11,450,2,7,26,1,Referido,68.98,106.65,0,8
101,2026-06-03,2026-04-30,451,1,1,23,1,Portal de empleo,53.26,66.29,0,18
102,2024-03-31,2024-02-17,452,1,3,21,1,Referido,64.22,121.98,0,8
103,2023-12-03,2023-11-04,453,1,5,5,1,Portal de empleo,72.06,143.32,0,41
104,2024-08-23,2024-08-02,454,1,2,21,1,Portal de empleo,35.38,73.9,0,11
105,2023-07-30,2023-06-26,455,1,2,12,1,Universidad,47.59,66.52,0,38
106,2024-11-18,2024-10-18,456,1,2,15,1,Referido,74.99,102.79,0,25
107,2023-01-06,2022-12-27,457,1,5,9,1,Portal de empleo,56.0,99.04,0,25
108,2025-07-01,2025-06-04,458,1,1,19,1,Portal de empleo,42.47,128.57,0,13
109,2026-01-19,2025-12-19,459,4,11,27,1,Agencia,77.42,117.62,797.82,55
110,2024-12-14,2024-12-05,460,1,1,1,1,Portal de empleo,43.11,79.42,0,33
111,2024-10-31,2024-09-27,461,1,3,17,1,Portal de empleo,63.46,80.81,0,28
112,2024-08-24,2024-07-15,462,3,10,27,1,Portal de empleo,34.37,62.82,0,47
113,2024-02-18,2024-02-01,463,1,1,15,1,Referido,48.88,63.26,0,32
114,2025-05-21,2025-04-18,464,1,1,16,1,Portal de empleo,51.5,73.75,0,5
115,2025-12-12,2025-11-26,465,1,5,19,1,Portal de empleo,78.83,116.95,0,35
116,2025-07-17,2025-06-28,466,2,7,26,1,Portal de empleo,77.9,156.92,0,51
117,2026-08-08,2026-07-24,467,1,5,7,1,Referido,32.86,136.34,0,48
118,2024-04-28,2024-04-16,468,2,6,26,1,Portal de empleo,42.16,140.12,0,17
119,2023-01-25,2023-01-14,469,1,5,14,1,Agencia,53.55,154.07,455.93,53
120,2026-02-06,2026-01-28,470,1,2,11,1,Agencia,70.23,72.46,730.21,11
121,2024-01-03,2023-11-30,471,1,2,2,1,Referido,49.29,145.76,0,44
122,2023-07-19,2023-07-01,472,1,1,9,1,Portal de empleo,49.07,67.97,0,43
123,2025-09-29,2025-09-07,473,1,1,5,1,Portal de empleo,62.89,82.52,0,25
124,2025-11-29,2025-11-12,474,1,5,5,1,Portal de empleo,41.66,153.46,0,43
125,2023-10-11,2023-09-14,475,3,9,27,1,Portal de empleo,66.44,141.33,0,14
126,2024-06-13,2024-05-22,476,6,15,27,1,Portal de empleo,64.93,89.26,0,54
127,2025-07-31,2025-07-10,477,5,13,27,1,Portal de empleo,80.36,75.4,0,15
128,2024-10-14,2024-09-12,478,6,15,27,1,Agencia,75.38,142.83,832.24,36
129,2023-08-13,2023-07-14,479,1,1,5,1,Agencia,73.15,125.74,654.2,14
130,2026-08-06,2026-06-25,480,1,3,12,1,Referido,42.33,110.91,0,47
131,2023-11-27,2023-11-09,481,1,1,20,1,Portal de empleo,71.89,95.11,0,24
132,2026-02-26,2026-01-27,482,1,3,23,1,Referido,83.12,83.97,0,51
133,2026-01-08,2025-12-09,483,1,2,3,1,Referido,61.68,126.79,0,49
134,2025-02-03,2025-01-06,484,2,8,25,1,Universidad,47.86,113.09,0,55
135,2026-02-19,2026-01-30,485,1,5,5,1,Portal de empleo,76.65,91.59,0,24
136,2023-07-29,2023-06-26,486,1,4,18,1,Portal de empleo,65.61,65.76,0,52
137,2026-04-21,2026-03-19,487,2,6,26,1,Portal de empleo,26.45,72.64,0,47
138,2026-08-07,2026-07-08,488,1,3,23,1,Portal de empleo,33.63,91.19,0,21
139,2026-01-14,2025-12-10,489,1,1,15,1,Referido,25.68,104.12,0,23
140,2023-01-13,2022-12-20,490,3,10,27,1,Portal de empleo,54.6,80.89,0,20
141,2025-08-01,2025-07-10,491,1,5,24,1,Referido,62.17,95.73,0,20
142,2023-01-01,2022-11-29,492,1,1,20,1,Portal de empleo,80.29,130.63,0,22
143,2025-07-18,2025-06-14,493,1,5,18,1,Portal de empleo,46.79,107.09,0,9
144,2024-03-23,2024-03-04,494,1,2,3,1,Portal de empleo,70.47,138.9,0,23
145,2024-11-11,2024-10-20,495,1,2,9,1,Portal de empleo,59.35,102.88,0,32
146,2023-06-24,2023-06-13,496,1,5,5,1,Portal de empleo,46.66,77.79,0,23
147,2025-01-27,2025-01-16,497,1,1,14,1,Portal de empleo,43.54,86.17,0,37
148,2024-04-09,2024-03-31,498,1,1,18,1,Agencia,84.12,80.02,528.07,37
149,2026-04-12,2026-03-16,499,1,1,18,1,Universidad,51.03,80.92,0,36
150,2024-01-20,2024-01-06,500,2,6,26,1,Universidad,63.0,106.21,0,24
151,2026-01-05,2025-12-02,501,1,5,23,1,Agencia,73.42,120.88,628.77,47
152,2024-08-25,2024-07-27,502,1,1,4,1,Portal de empleo,87.19,75.73,0,25
153,2024-03-30,2024-02-19,503,1,3,16,1,Agencia,38.08,108.12,457.96,14
154,2026-05-12,2026-04-07,504,1,2,17,1,Universidad,28.64,73.56,0,35
155,2025-12-15,2025-11-11,505,3,9,27,1,Portal de empleo,83.31,104.06,0,35
156,2025-02-12,2025-01-16,506,2,6,25,1,Referido,40.25,136.15,0,49
157,2023-12-03,2023-10-30,507,1,5,23,1,Referido,56.15,137.41,0,48
158,2024-08-24,2024-07-27,508,1,4,14,1,Portal de empleo,77.83,70.48,0,21
159,2025-11-04,2025-10-01,509,1,3,13,1,Referido,25.71,94.65,0,37
160,2023-02-02,2023-01-07,510,5,14,27,1,Universidad,52.43,65.83,0,13
161,2026-01-15,2026-01-01,511,1,4,5,1,Referido,59.85,113.25,0,10
162,2026-04-04,2026-03-12,512,1,4,9,1,Universidad,57.76,62.52,0,55
163,2024-07-04,2024-05-30,513,1,1,23,1,Portal de empleo,81.27,113.56,0,29
164,2025-11-27,2025-11-08,514,1,1,17,1,Agencia,31.14,82.06,467.48,26
165,2024-06-04,2024-05-17,515,5,13,27,1,Agencia,60.91,61.89,675.51,46
166,2026-05-22,2026-05-07,516,2,8,25,1,Referido,29.62,126.34,0,14
167,2026-04-12,2026-03-18,517,1,2,8,1,Portal de empleo,40.53,107.83,0,26
168,2025-03-04,2025-01-28,518,5,14,27,1,Agencia,88.77,82.11,676.2,25
169,2023-05-15,2023-04-11,519,1,5,8,1,Portal de empleo,57.04,89.9,0,45
170,2026-06-17,2026-06-07,520,1,1,12,1,Universidad,55.1,80.94,0,54
171,2025-01-05,2024-12-27,521,1,4,13,1,Portal de empleo,50.69,138.75,0,11
172,2024-04-02,2024-03-04,522,1,1,7,1,Universidad,53.38,135.65,0,10
173,2023-02-16,2023-02-05,523,1,1,9,1,Universidad,40.2,150.51,0,20
174,2023-12-24,2023-11-20,524,6,15,27,1,Universidad,33.8,120.42,0,34
175,2024-02-26,2024-02-11,525,1,2,5,1,Universidad,70.57,74.3,0,42
176,2025-11-07,2025-10-13,526,1,2,23,1,Portal de empleo,33.3,152.02,0,15
177,2025-05-03,2025-04-15,527,1,5,8,1,Universidad,51.21,75.47,0,6
178,2026-03-16,2026-02-27,528,1,1,4,1,Portal de empleo,84.55,62.1,0,11
179,2025-03-31,2025-02-20,529,1,3,24,1,Universidad,41.89,78.14,0,41
180,2023-01-28,2023-01-05,530,1,1,21,1,Portal de empleo,41.97,142.61,0,11
181,2026-03-07,2026-02-02,531,1,1,15,1,Portal de empleo,75.04,147.4,0,45
182,2023-09-10,2023-08-17,532,1,5,11,1,Portal de empleo,57.64,87.35,0,6
183,2025-01-31,2024-12-15,533,1,3,15,1,Portal de empleo,67.92,131.6,0,45
184,2023-06-23,2023-06-14,534,1,2,22,1,Portal de empleo,60.34,123.61,0,16
185,2023-11-01,2023-10-03,535,1,1,8,1,Referido,77.28,74.05,0,43
186,2023-03-20,2023-03-03,536,1,1,21,1,Portal de empleo,81.87,106.44,0,19
187,2024-07-20,2024-06-30,537,2,8,25,1,Portal de empleo,27.12,144.5,0,36
188,2026-01-14,2025-12-25,538,2,7,26,1,Portal de empleo,37.49,142.45,0,41
189,2026-07-06,2026-06-22,539,1,1,9,1,Referido,36.5,135.52,0,6
190,2023-03-05,2023-01-28,540,1,3,14,1,Universidad,73.07,138.52,0,20
191,2023-08-28,2023-07-25,541,2,6,25,1,Portal de empleo,59.92,103.27,0,22
192,2023-03-23,2023-03-09,542,1,1,13,1,Universidad,69.59,101.31,0,23
193,2023-12-16,2023-11-20,543,1,1,7,1,Universidad,56.64,155.37,0,54
194,2024-01-28,2024-01-02,544,2,6,26,1,Referido,35.87,107.43,0,6
195,2024-06-15,2024-05-17,545,1,1,3,1,Universidad,50.39,109.12,0,12
196,2023-04-14,2023-03-19,546,1,1,11,1,Universidad,71.19,130.43,0,37
197,2023-01-22,2022-12-24,547,1,2,8,1,Universidad,83.03,76.8,0,23
198,2024-11-25,2024-11-04,548,2,6,26,1,Portal de empleo,50.62,102.89,0,36
199,2024-05-27,2024-05-13,549,1,1,23,1,Agencia,63.17,108.47,855.16,18
200,2025-11-04,2025-10-03,550,1,2,7,1,Portal de empleo,58.49,147.28,0,13
201,2024-09-07,2024-08-14,551,1,1,9,1,Portal de empleo,31.94,68.35,0,17
202,2025-12-26,2025-12-07,552,2,8,25,1,Portal de empleo,46.59,113.24,0,34
203,2023-05-10,2023-04-27,553,1,4,3,1,Portal de empleo,47.89,101.94,0,45
204,2026-03-18,2026-02-26,554,1,4,24,1,Referido,77.75,130.79,0,18
205,2026-01-24,2026-01-12,555,1,5,12,1,Universidad,69.87,129.84,0,50
206,2024-08-20,2024-08-03,556,1,1,7,1,Agencia,44.56,86.92,528.39,28
207,2024-04-17,2024-03-12,557,1,3,18,1,Portal de empleo,33.7,148.21,0,41
208,2025-10-02,2025-09-01,558,1,1,3,1,Referido,41.24,153.41,0,47
209,2023-04-24,2023-04-09,559,1,1,21,1,Portal de empleo,48.27,91.1,0,20
210,2025-04-30,2025-04-21,560,1,1,6,1,Universidad,83.46,132.39,0,31
211,2024-12-22,2024-12-11,561,1,1,15,1,Referido,29.06,109.87,0,22
212,2025-05-03,2025-04-12,562,1,2,19,1,Portal de empleo,32.41,158.93,0,53
213,2024-05-18,2024-04-18,563,1,3,13,1,Portal de empleo,79.39,134.86,0,30
214,2024-11-05,2024-10-25,564,2,6,26,1,Portal de empleo,39.13,90.58,0,11
215,2026-03-15,2026-03-01,565,1,1,2,1,Portal de empleo,40.04,93.01,0,17
216,2023-02-09,2023-01-25,566,6,15,27,1,Portal de empleo,37.67,159.6,0,41
217,2023-07-14,2023-05-27,567,1,3,12,1,Portal de empleo,77.37,91.14,0,35
218,2025-07-29,2025-07-04,568,1,1,9,1,Portal de empleo,25.87,135.44,0,43
219,2024-07-21,2024-06-04,569,3,10,27,1,Referido,50.57,77.75,0,54
220,2026-07-20,2026-07-02,570,1,5,14,1,Universidad,47.35,82.97,0,49
221,2024-03-31,2024-02-10,571,1,3,12,1,Universidad,28.09,118.38,0,12
222,2023-03-11,2023-02-27,572,1,5,23,1,Portal de empleo,64.27,96.1,0,34
223,2023-10-26,2023-09-08,573,1,3,15,1,Portal de empleo,47.32,108.48,0,22
224,2024-03-01,2024-02-02,574,1,3,22,1,Referido,32.03,145.2,0,11
225,2026-04-19,2026-03-25,575,1,3,8,1,Portal de empleo,66.68,140.43,0,15
226,2025-02-27,2025-02-16,576,1,1,11,1,Portal de empleo,64.85,97.45,0,55
227,2025-08-30,2025-08-06,577,1,3,2,1,Referido,38.07,137.99,0,47
228,2025-10-11,2025-09-09,578,1,2,18,1,Universidad,68.87,78.72,0,43
229,2023-03-30,2023-03-17,579,1,1,2,1,Universidad,58.29,119.86,0,42
230,2023-12-04,2023-11-15,580,2,8,26,1,Referido,30.24,60.92,0,21
231,2023-06-11,2023-05-28,581,1,2,14,1,Portal de empleo,66.95,159.09,0,40
232,2025-03-04,2025-02-13,582,1,4,12,1,Referido,25.57,68.65,0,13
233,2024-02-27,2024-01-26,583,1,3,12,1,Portal de empleo,58.68,135.5,0,40
234,2025-11-03,2025-10-24,584,2,7,25,1,Referido,83.86,81.78,0,43
235,2025-08-20,2025-07-30,585,1,5,1,1,Portal de empleo,61.71,118.01,0,31
236,2023-08-01,2023-07-10,586,1,1,23,1,Portal de empleo,70.15,109.07,0,49
237,2025-06-04,2025-05-15,587,1,1,6,1,Portal de empleo,59.2,136.45,0,10
238,2026-01-08,2025-12-04,588,1,1,9,1,Universidad,57.38,97.97,0,27
239,2023-05-27,2023-04-23,589,1,1,4,1,Portal de empleo,83.64,97.58,0,36
240,2023-05-11,2023-05-02,590,1,1,2,1,Portal de empleo,60.36,61.41,0,9
241,2026-02-14,2026-01-27,591,2,6,26,1,Portal de empleo,62.06,129.42,0,15
242,2026-08-23,2026-08-09,592,1,5,3,1,Portal de empleo,55.07,68.36,0,7
243,2025-03-20,2025-02-23,593,1,2,13,1,Referido,39.85,78.91,0,18
244,2025-09-23,2025-09-13,594,1,1,19,1,Portal de empleo,62.86,107.41,0,27
245,2024-10-06,2024-09-25,595,2,6,25,1,Portal de empleo,40.6,97.67,0,9
246,2025-01-18,2024-12-26,596,2,6,26,1,Portal de empleo,45.7,89.74,0,26
247,2026-06-30,2026-05-26,597,1,1,15,1,Agencia,76.87,108.98,716.2,39
248,2026-08-27,2026-08-10,598,1,2,8,1,Portal de empleo,77.08,147.65,0,8
249,2026-01-29,2026-01-13,599,2,6,26,1,Referido,30.18,77.85,0,43
250,2026-07-09,2026-06-13,600,1,4,3,1,Portal de empleo,57.27,104.11,0,16
251,2024-12-04,2024-11-16,601,1,1,23,1,Portal de empleo,70.62,116.18,0,27
252,2026-07-15,2026-07-06,602,1,5,18,1,Universidad,46.33,141.6,0,26
253,2024-08-21,2024-08-04,603,1,1,11,1,Portal de empleo,36.74,122.72,0,32
254,2023-08-21,2023-08-01,604,1,1,24,1,Portal de empleo,73.28,106.89,0,26
255,2023-07-20,2023-06-30,605,1,4,16,1,Portal de empleo,30.68,85.83,0,12
256,2025-03-20,2025-02-17,606,1,1,6,1,Referido,30.94,112.46,0,40
257,2025-02-19,2025-01-21,607,1,1,8,1,Portal de empleo,80.15,148.23,0,12
258,2025-12-03,2025-11-20,608,1,2,17,1,Agencia,27.86,101.79,371.52,9
259,2024-01-28,2023-12-30,609,1,3,16,1,Agencia,52.97,155.87,546.82,32
260,2024-11-30,2024-11-02,610,1,5,19,1,Portal de empleo,63.4,65.73,0,7
261,2023-06-05,2023-05-19,611,1,1,10,1,Agencia,79.71,112.24,521.75,52
262,2024-05-07,2024-04-21,612,1,1,18,1,Agencia,26.65,65.33,791.92,38
263,2023-04-05,2023-03-17,613,1,2,5,1,Portal de empleo,79.04,112.21,0,30
264,2026-05-31,2026-05-15,614,2,6,25,1,Portal de empleo,36.0,149.5,0,34
265,2025-02-26,2025-02-04,615,1,2,3,1,Portal de empleo,41.6,141.7,0,37
266,2024-05-16,2024-04-28,616,1,4,23,1,Portal de empleo,52.38,106.46,0,15
267,2023-09-16,2023-08-26,617,1,1,24,1,Universidad,47.4,154.8,0,14
268,2025-05-14,2025-04-10,618,2,6,26,1,Agencia,44.72,142.2,612.4,19
269,2025-01-02,2024-11-30,619,1,1,7,1,Universidad,27.38,60.82,0,29
270,2026-04-21,2026-04-06,620,1,2,23,1,Referido,32.41,66.14,0,49
271,2026-06-07,2026-05-19,621,1,1,12,1,Portal de empleo,76.0,145.31,0,26
272,2023-09-07,2023-08-04,622,1,2,8,1,Referido,56.24,76.96,0,22
273,2026-06-18,2026-05-14,623,1,5,14,1,Referido,56.67,158.9,0,40
274,2025-01-29,2024-12-21,624,1,3,4,1,Universidad,48.44,132.0,0,31
275,2024-01-15,2023-12-20,625,1,2,6,1,Portal de empleo,63.31,68.95,0,34
276,2023-03-19,2023-03-07,626,2,6,25,1,Portal de empleo,42.2,143.54,0,23
277,2025-08-28,2025-08-02,627,1,2,19,1,Portal de empleo,55.74,121.53,0,24
278,2025-04-10,2025-03-30,628,1,1,10,1,Portal de empleo,43.02,149.94,0,50
279,2025-08-22,2025-08-12,629,1,5,23,1,Referido,54.35,157.12,0,27
280,2024-02-11,2024-01-20,630,1,1,20,1,Portal de empleo,77.39,79.73,0,39
281,2024-07-03,2024-06-13,631,1,2,8,1,Portal de empleo,61.08,101.53,0,30
282,2023-01-05,2022-11-27,632,5,14,27,1,Referido,26.96,78.66,0,55
283,2023-03-09,2023-02-18,633,1,1,13,1,Portal de empleo,77.89,152.09,0,10
284,2026-02-22,2026-01-27,634,1,2,1,1,Portal de empleo,62.23,94.89,0,38
285,2023-09-16,2023-08-16,635,1,2,21,1,Referido,30.17,72.25,0,8
286,2025-04-11,2025-03-31,636,1,5,4,1,Portal de empleo,65.96,104.33,0,15
287,2025-02-14,2025-01-20,637,1,1,22,1,Referido,70.93,145.32,0,13
288,2023-12-02,2023-11-23,638,1,5,24,1,Portal de empleo,55.12,154.9,0,26
289,2025-03-24,2025-03-02,639,2,6,25,1,Universidad,75.32,158.37,0,12
290,2025-03-30,2025-03-03,640,1,1,3,1,Portal de empleo,31.66,147.71,0,20
291,2026-04-14,2026-03-28,641,1,1,15,1,Portal de empleo,56.64,91.71,0,6
292,2025-12-08,2025-11-04,642,2,6,25,1,Portal de empleo,72.43,134.25,0,47
293,2023-09-13,2023-09-02,643,1,5,21,1,Portal de empleo,45.62,124.67,0,34
294,2025-06-29,2025-06-13,644,1,1,19,1,Universidad,55.24,136.91,0,43
295,2023-10-21,2023-10-05,645,1,5,2,1,Referido,80.66,79.78,0,31
296,2024-05-01,2024-03-28,646,1,1,19,1,Portal de empleo,64.54,110.83,0,25
297,2024-03-01,2024-01-27,647,1,1,5,1,Referido,26.47,116.42,0,24
298,2023-05-27,2023-05-15,648,1,5,12,1,Referido,25.16,129.75,0,28
299,2023-12-26,2023-11-22,649,1,2,6,1,Portal de empleo,79.05,68.16,0,14
300,2025-04-01,2025-03-04,650,1,3,9,1,Portal de empleo,84.18,98.79,0,19
301,2023-05-15,2023-04-16,651,1,4,10,1,Referido,47.39,88.38,0,9
302,2024-09-30,2024-08-31,652,1,1,10,1,Referido,73.71,92.93,0,20
303,2025-01-24,2025-01-08,653,1,1,3,1,Referido,33.65,128.67,0,42
304,2025-11-07,2025-10-04,654,1,5,21,1,Referido,38.86,95.66,0,43
305,2024-03-28,2024-02-24,655,1,1,13,1,Referido,69.37,83.54,0,32
306,2024-03-09,2024-01-30,656,4,12,27,1,Agencia,47.34,125.17,542.75,27
307,2026-02-10,2026-01-15,657,5,14,27,1,Portal de empleo,45.13,99.33,0,15
308,2023-01-19,2023-01-04,658,1,5,1,1,Agencia,41.99,67.53,446.86,48
309,2026-04-03,2026-03-05,659,1,1,23,1,Portal de empleo,82.39,148.0,0,44
310,2024-07-11,2024-06-14,660,2,7,26,1,Universidad,68.66,120.04,0,8
311,2024-05-23,2024-04-18,661,1,2,16,1,Referido,50.34,92.91,0,7
312,2025-07-13,2025-06-23,662,1,4,11,1,Portal de empleo,54.05,99.78,0,33
313,2026-04-17,2026-04-01,663,6,15,27,1,Portal de empleo,48.83,107.39,0,44
314,2025-03-06,2025-02-25,664,1,1,7,1,Portal de empleo,84.8,134.09,0,36
315,2024-04-27,2024-03-30,665,1,4,16,1,Portal de empleo,32.55,114.83,0,6
316,2026-07-24,2026-07-08,666,1,2,8,1,Referido,51.1,83.28,0,40
317,2025-01-08,2024-12-11,667,2,6,25,1,Referido,34.68,77.49,0,55
318,2023-02-13,2023-01-21,668,1,1,19,1,Universidad,47.52,82.82,0,16
319,2026-04-27,2026-04-01,669,1,1,23,1,Universidad,48.56,86.0,0,47
320,2024-07-02,2024-06-16,670,2,6,25,1,Universidad,28.62,146.87,0,53
321,2025-08-13,2025-07-29,671,1,1,9,1,Portal de empleo,26.06,74.98,0,55
322,2025-10-11,2025-09-15,672,1,1,19,1,Referido,45.34,86.91,0,42
323,2024-08-14,2024-07-22,673,1,5,20,1,Portal de empleo,68.52,109.41,0,18
324,2025-03-10,2025-02-13,674,1,2,16,1,Portal de empleo,54.52,131.66,0,27
325,2025-10-11,2025-09-14,675,1,1,1,1,Universidad,59.48,143.87,0,54
326,2025-07-06,2025-06-05,676,1,1,7,1,Universidad,34.52,113.28,0,8
327,2026-05-03,2026-04-15,677,1,2,8,1,Referido,26.3,89.8,0,9
328,2023-12-06,2023-11-04,678,1,2,2,1,Portal de empleo,54.4,87.41,0,18
329,2025-11-24,2025-11-11,679,1,1,24,1,Referido,39.88,65.28,0,14
330,2025-11-13,2025-10-21,680,1,1,16,1,Portal de empleo,61.85,128.1,0,20
331,2023-05-16,2023-04-24,681,1,1,9,1,Referido,43.62,69.89,0,41
332,2026-08-17,2026-07-22,682,1,5,4,1,Portal de empleo,54.27,82.76,0,53
333,2025-11-24,2025-10-30,683,1,1,22,1,Referido,75.67,92.49,0,27
334,2026-06-22,2026-05-26,684,1,1,15,1,Referido,88.06,124.08,0,40
335,2026-04-21,2026-03-28,685,1,2,11,1,Referido,75.16,112.57,0,32
336,2023-08-03,2023-07-18,686,1,1,1,1,Universidad,86.09,75.87,0,35
337,2025-09-12,2025-08-01,687,5,14,27,1,Portal de empleo,65.32,139.77,0,8
338,2025-05-01,2025-03-30,688,1,4,17,1,Portal de empleo,65.06,120.47,0,44
339,2024-10-22,2024-09-22,689,1,5,4,1,Portal de empleo,63.81,104.72,0,40
340,2023-01-03,2022-12-15,690,1,2,19,1,Agencia,81.8,91.82,560.71,33
341,2025-08-27,2025-08-01,691,2,8,25,1,Referido,57.15,95.88,0,32
342,2025-11-25,2025-11-16,692,2,6,25,1,Portal de empleo,57.88,92.16,0,41
343,2026-04-11,2026-03-14,693,1,1,9,1,Portal de empleo,72.29,124.69,0,51
344,2023-02-27,2023-02-05,694,1,2,11,1,Portal de empleo,66.59,73.43,0,24
345,2025-08-20,2025-07-24,695,1,1,17,1,Portal de empleo,54.21,92.69,0,33
346,2023-06-01,2023-05-02,696,1,2,1,1,Portal de empleo,47.13,63.29,0,47
347,2023-07-07,2023-06-15,697,2,6,25,1,Referido,85.59,128.9,0,28
348,2024-11-05,2024-10-26,698,1,1,5,1,Portal de empleo,56.73,60.65,0,45
349,2024-04-21,2024-04-08,699,1,4,11,1,Portal de empleo,56.03,134.75,0,36
350,2026-04-03,2026-03-23,700,1,2,12,1,Referido,62.12,118.12,0,27
351,2024-10-20,2024-09-27,701,1,4,7,1,Referido,89.04,118.3,0,27
352,2025-03-03,2025-02-08,702,1,1,14,1,Referido,76.95,142.65,0,31
353,2026-06-15,2026-06-02,703,1,2,13,1,Portal de empleo,88.99,142.35,0,9
354,2024-04-05,2024-03-25,704,1,1,2,1,Portal de empleo,86.93,123.62,0,25
355,2025-07-21,2025-06-17,705,1,1,2,1,Portal de empleo,66.94,128.09,0,40
356,2025-07-03,2025-06-18,706,1,1,5,1,Referido,88.55,135.16,0,34
357,2023-01-31,2023-01-05,707,1,5,22,1,Universidad,62.72,129.06,0,34
358,2023-01-29,2022-12-11,708,4,12,27,1,Portal de empleo,32.04,140.28,0,15
359,2025-03-01,2025-01-29,709,1,3,4,1,Portal de empleo,83.11,69.51,0,24
360,2026-05-06,2026-04-22,710,1,2,17,1,Portal de empleo,55.44,67.61,0,47
361,2024-08-02,2024-06-24,711,4,12,27,1,Portal de empleo,47.15,90.31,0,29
362,2023-03-09,2023-02-28,712,1,2,11,1,Portal de empleo,55.77,159.69,0,22
363,2024-08-13,2024-07-12,713,1,1,5,1,Referido,71.64,152.92,0,23
364,2026-05-18,2026-05-05,714,1,5,12,1,Universidad,30.88,97.31,0,36
365,2026-08-29,2026-07-30,715,1,2,9,1,Portal de empleo,61.07,96.93,0,52
366,2023-01-04,2022-12-21,716,1,4,8,1,Universidad,81.19,88.94,0,21
367,2023-01-11,2022-12-13,717,2,7,25,1,Referido,36.93,81.93,0,28
368,2025-12-21,2025-12-11,718,1,2,17,1,Referido,81.34,61.31,0,28
369,2026-03-16,2026-02-15,719,1,5,2,1,Portal de empleo,80.28,110.97,0,39
370,2023-06-20,2023-05-24,720,2,7,25,1,Portal de empleo,89.52,149.4,0,22
371,2024-02-09,2024-01-06,721,1,3,24,1,Portal de empleo,36.85,123.27,0,38
372,2025-10-17,2025-09-01,722,1,3,17,1,Universidad,59.64,104.51,0,14
373,2023-01-16,2022-12-13,723,1,1,24,1,Portal de empleo,83.0,130.78,0,50
374,2026-03-10,2026-02-18,724,1,1,7,1,Referido,89.91,140.11,0,15
375,2024-10-20,2024-09-15,725,1,4,18,1,Portal de empleo,47.23,107.48,0,44
376,2025-09-26,2025-09-13,726,1,1,15,1,Referido,85.05,151.57,0,21
377,2024-12-05,2024-11-21,727,2,6,26,1,Referido,49.75,105.29,0,17
378,2026-03-22,2026-02-27,728,1,1,11,1,Universidad,27.35,114.37,0,49
379,2025-02-26,2025-02-03,729,1,1,8,1,Referido,84.91,123.13,0,37
380,2024-04-07,2024-03-27,730,1,2,2,1,Universidad,40.27,85.99,0,10
381,2023-04-28,2023-03-27,731,1,2,12,1,Agencia,27.99,71.89,384.26,38
382,2024-12-25,2024-12-05,732,1,1,21,1,Portal de empleo,29.56,72.47,0,7
383,2023-04-11,2023-02-23,733,1,3,20,1,Portal de empleo,52.55,153.45,0,43
384,2024-03-15,2024-02-26,734,1,2,24,1,Portal de empleo,43.46,154.76,0,51
385,2023-07-20,2023-06-11,735,4,12,27,1,Referido,30.33,153.69,0,25
386,2026-07-11,2026-06-30,736,1,2,17,1,Portal de empleo,32.56,126.65,0,8
387,2024-09-13,2024-08-20,737,1,1,23,1,Referido,75.33,101.19,0,38
388,2026-07-04,2026-06-13,738,1,4,9,1,Referido,36.76,83.14,0,40
389,2026-05-12,2026-04-16,739,1,5,7,1,Referido,50.43,136.25,0,31
390,2025-10-08,2025-09-16,740,1,2,4,1,Portal de empleo,49.45,125.65,0,39
391,2023-04-01,2023-03-19,741,1,5,20,1,Portal de empleo,25.22,78.27,0,28
392,2025-04-30,2025-04-07,742,1,2,14,1,Referido,72.64,98.53,0,12
393,2025-10-28,2025-09-24,743,1,3,12,1,Universidad,25.81,107.68,0,16
394,2023-08-10,2023-07-16,744,1,5,24,1,Referido,28.14,112.8,0,41
395,2026-06-01,2026-05-06,745,3,10,27,1,Referido,65.06,84.77,0,24
396,2025-08-11,2025-07-27,746,1,5,18,1,Portal de empleo,35.93,72.17,0,23
397,2024-06-07,2024-05-29,747,1,1,5,1,Portal de empleo,29.25,142.49,0,22
398,2025-06-29,2025-06-07,748,1,1,9,1,Universidad,29.83,131.63,0,48
399,2024-12-13,2024-12-01,749,1,1,8,1,Universidad,44.68,127.37,0,45
400,2024-09-05,2024-08-08,750,1,2,17,1,Referido,27.58,121.3,0,17
401,2025-12-29,2025-11-28,751,1,1,11,1,Agencia,84.15,65.92,725.77,51
402,2026-07-08,2026-06-17,752,1,5,3,1,Portal de empleo,68.27,115.67,0,23
403,2025-05-13,2025-04-20,753,1,5,17,1,Portal de empleo,50.95,93.04,0,17
404,2026-08-03,2026-06-30,754,2,7,26,1,Portal de empleo,25.42,112.55,0,30
405,2024-09-14,2024-08-21,755,1,1,4,1,Portal de empleo,39.39,78.04,0,18
406,2023-10-23,2023-09-21,756,1,3,22,1,Portal de empleo,73.28,140.66,0,29
407,2025-11-09,2025-10-11,757,1,4,1,1,Referido,66.49,134.57,0,31
408,2026-03-22,2026-03-11,758,1,5,8,1,Portal de empleo,76.24,143.39,0,37
409,2024-01-01,2023-12-04,759,2,7,26,1,Portal de empleo,66.89,138.65,0,41
410,2024-10-07,2024-09-11,760,1,5,1,1,Referido,57.57,90.96,0,21
411,2026-08-05,2026-07-12,761,1,5,2,1,Portal de empleo,67.95,153.75,0,30
412,2025-09-13,2025-08-20,762,1,1,19,1,Referido,89.35,102.06,0,51
413,2026-04-29,2026-03-17,763,1,3,1,1,Portal de empleo,41.81,119.55,0,29
414,2025-10-24,2025-10-08,764,2,6,25,1,Referido,71.17,103.73,0,52
415,2023-02-21,2023-02-12,765,2,7,26,1,Referido,61.89,106.22,0,15
416,2025-09-30,2025-09-11,766,1,2,23,1,Portal de empleo,68.24,127.15,0,8
417,2023-11-28,2023-11-09,767,2,6,25,1,Referido,87.7,108.23,0,35
418,2023-05-17,2023-04-14,768,1,1,18,1,Referido,29.83,79.05,0,39
419,2026-03-15,2026-02-14,769,1,4,23,1,Universidad,77.13,144.74,0,20
420,2026-04-16,2026-03-24,770,1,1,14,1,Portal de empleo,71.96,60.56,0,15
421,2025-03-18,2025-03-04,771,1,1,7,1,Referido,26.6,116.36,0,5
422,2023-01-21,2023-01-12,772,1,5,17,1,Referido,41.12,146.99,0,19
423,2025-10-22,2025-10-01,773,1,1,14,1,Portal de empleo,34.09,159.01,0,21
424,2026-05-23,2026-04-25,774,1,1,13,1,Portal de empleo,83.58,62.12,0,9
425,2023-05-06,2023-04-11,775,3,10,27,1,Portal de empleo,63.84,120.96,0,54
426,2025-08-21,2025-07-21,776,6,15,27,1,Referido,60.71,124.2,0,21
427,2026-07-04,2026-06-09,777,1,5,24,1,Portal de empleo,33.01,114.02,0,12
428,2025-01-29,2025-01-15,778,5,13,27,1,Referido,32.66,89.24,0,13
429,2025-08-05,2025-07-16,779,1,1,2,1,Portal de empleo,61.63,90.74,0,49
430,2023-05-20,2023-04-25,780,1,1,8,1,Agencia,68.47,111.71,553.59,21
431,2025-05-07,2025-03-25,781,1,3,21,1,Universidad,82.81,121.46,0,39
432,2024-02-06,2024-01-05,782,1,1,10,1,Universidad,54.19,83.51,0,51
433,2025-03-15,2025-02-18,783,1,4,8,1,Referido,58.04,140.37,0,23
434,2024-01-12,2024-01-02,784,1,5,9,1,Universidad,44.3,126.52,0,35
435,2024-01-11,2023-12-08,785,1,2,15,1,Referido,70.91,97.25,0,17
436,2023-10-23,2023-09-30,786,1,1,22,1,Universidad,52.93,64.99,0,20
437,2023-02-16,2023-01-15,787,1,5,18,1,Portal de empleo,34.68,115.33,0,22
438,2024-08-07,2024-07-24,788,1,1,19,1,Agencia,47.2,72.72,800.39,32
439,2026-04-16,2026-03-13,789,2,8,26,1,Portal de empleo,62.52,159.29,0,44
440,2024-10-08,2024-09-14,790,1,1,8,1,Portal de empleo,33.2,99.56,0,52
441,2026-02-07,2026-01-14,791,2,7,26,1,Portal de empleo,86.24,156.82,0,49
442,2023-02-08,2023-01-04,792,1,2,16,1,Portal de empleo,84.73,145.65,0,50
443,2026-04-19,2026-03-19,793,1,5,2,1,Portal de empleo,52.06,159.01,0,10
444,2026-04-16,2026-03-15,794,1,4,18,1,Referido,87.42,94.96,0,15
445,2026-01-22,2025-12-22,795,1,3,1,1,Portal de empleo,62.8,144.02,0,34
446,2025-05-23,2025-04-24,796,1,4,8,1,Portal de empleo,48.16,136.99,0,36
447,2023-07-15,2023-06-17,797,1,3,20,1,Universidad,38.66,145.53,0,17
448,2023-11-13,2023-10-09,798,1,1,15,1,Universidad,40.39,118.27,0,17
449,2024-10-25,2024-10-06,799,1,2,13,1,Referido,74.48,64.23,0,8
450,2025-06-03,2025-04-20,800,1,3,17,1,Agencia,47.39,114.7,893.9,14
451,2024-03-20,2024-02-24,801,1,2,9,1,Portal de empleo,62.87,133.83,0,51
452,2023-01-25,2023-01-15,802,1,2,22,1,Universidad,49.97,73.28,0,18
453,2024-06-02,2024-05-16,803,1,2,8,1,Referido,69.28,69.72,0,18
454,2026-08-06,2026-07-17,804,1,1,20,1,Portal de empleo,78.47,81.89,0,30
455,2024-02-02,2024-01-02,805,1,1,3,1,Universidad,71.19,142.89,0,32
456,2024-09-19,2024-08-18,806,1,1,14,1,Portal de empleo,30.78,128.17,0,10
457,2023-07-16,2023-06-24,807,5,13,27,1,Portal de empleo,63.02,108.67,0,46
458,2025-07-10,2025-06-25,808,1,1,5,1,Referido,54.03,63.98,0,21
459,2024-02-28,2024-02-16,809,1,2,1,1,Referido,32.13,115.2,0,48
460,2023-05-01,2023-04-05,810,1,5,9,1,Agencia,67.86,120.95,600.11,12
461,2026-02-06,2026-01-25,811,1,1,13,1,Portal de empleo,36.2,84.51,0,22
462,2023-04-04,2023-03-21,812,1,4,4,1,Portal de empleo,41.06,76.05,0,46
463,2025-06-07,2025-05-20,813,1,4,14,1,Portal de empleo,29.18,132.84,0,24
464,2026-07-05,2026-05-23,814,1,3,3,1,Referido,29.34,127.99,0,49
465,2026-03-15,2026-02-09,815,1,1,22,1,Universidad,28.24,101.83,0,17
466,2023-11-17,2023-10-16,816,4,12,27,1,Referido,59.32,144.75,0,48
467,2026-01-16,2025-12-17,817,1,1,22,1,Portal de empleo,25.09,82.59,0,37
468,2024-12-24,2024-11-22,818,4,12,27,1,Referido,55.94,117.04,0,9
469,2026-04-26,2026-04-01,819,1,3,12,1,Portal de empleo,81.6,64.52,0,15
470,2024-06-18,2024-05-19,820,1,5,6,1,Portal de empleo,64.63,116.93,0,30
471,2023-07-01,2023-05-27,821,2,7,26,1,Referido,61.36,98.95,0,33
472,2024-09-07,2024-08-17,822,1,1,18,1,Portal de empleo,80.33,130.91,0,30
473,2023-12-07,2023-11-07,823,1,3,5,1,Referido,71.12,144.11,0,5
474,2023-02-06,2023-01-17,824,1,1,11,1,Referido,67.35,120.01,0,29
475,2025-07-15,2025-06-28,825,5,13,27,1,Universidad,32.83,129.18,0,26
476,2023-07-29,2023-07-02,826,1,1,15,1,Portal de empleo,78.29,64.74,0,43
477,2024-07-08,2024-06-03,827,4,11,27,1,Portal de empleo,25.79,100.19,0,20
478,2025-05-31,2025-04-29,828,1,2,8,1,Portal de empleo,39.05,129.16,0,24
479,2023-06-05,2023-05-27,829,1,1,17,1,Universidad,78.73,140.76,0,43
480,2025-02-21,2025-01-24,830,1,1,24,1,Referido,49.51,91.3,0,23
481,2026-04-02,2026-03-01,831,1,1,22,1,Portal de empleo,86.14,140.48,0,21
482,2025-08-27,2025-08-03,832,1,2,11,1,Referido,49.63,90.35,0,18
483,2024-01-09,2023-12-23,833,1,5,13,1,Referido,49.79,83.82,0,52
484,2025-04-25,2025-04-07,834,1,2,4,1,Portal de empleo,57.03,137.01,0,51
485,2024-09-25,2024-08-27,835,1,5,5,1,Portal de empleo,66.42,132.68,0,44
486,2023-05-15,2023-04-13,836,5,13,27,1,Portal de empleo,72.06,105.15,0,54
487,2025-06-24,2025-05-11,837,1,3,17,1,Referido,44.94,126.82,0,15
488,2023-01-17,2023-01-03,838,1,1,6,1,Referido,28.79,100.38,0,47
489,2023-10-01,2023-09-20,839,2,6,25,1,Portal de empleo,87.28,126.0,0,37
490,2023-12-15,2023-11-21,840,1,4,24,1,Agencia,52.0,74.12,679.75,26
491,2024-09-03,2024-08-10,841,1,1,13,1,Portal de empleo,78.7,157.41,0,50
492,2023-09-18,2023-08-18,842,1,5,11,1,Portal de empleo,31.68,62.56,0,15
493,2024-10-31,2024-09-18,843,3,10,27,1,Universidad,44.52,135.65,0,18
494,2024-12-14,2024-11-09,844,1,3,17,1,Portal de empleo,32.95,62.14,0,28
495,2026-02-24,2026-01-29,845,1,4,15,1,Portal de empleo,75.87,99.37,0,55
496,2024-05-24,2024-05-13,846,1,1,2,1,Portal de empleo,79.63,75.59,0,43
497,2025-10-22,2025-10-05,847,1,4,10,1,Universidad,41.66,90.86,0,47
498,2024-06-02,2024-05-10,848,1,1,12,1,Universidad,81.84,87.09,0,39
499,2023-05-21,2023-04-16,849,1,5,2,1,Referido,69.89,95.9,0,38
500,2024-10-13,2024-08-27,850,1,3,22,1,Referido,37.58,81.65,0,47
501,2025-01-07,2024-12-21,851,1,1,14,1,Portal de empleo,50.63,141.45,0,6
502,2023-04-10,2023-03-08,852,1,2,18,1,Portal de empleo,35.82,115.23,0,22
503,2023-01-07,2022-12-25,853,1,1,11,1,Portal de empleo,39.36,87.58,0,14
504,2023-07-26,2023-07-01,854,1,1,7,1,Referido,81.26,129.69,0,11
505,2023-10-14,2023-09-28,855,1,2,3,1,Referido,77.53,75.26,0,20
506,2026-07-09,2026-05-23,856,1,3,7,1,Portal de empleo,35.61,108.43,0,31
507,2025-04-22,2025-03-28,857,2,8,26,1,Referido,76.75,159.19,0,19
508,2023-04-20,2023-03-21,858,1,4,14,1,Agencia,43.0,81.39,533.61,53
509,2025-08-06,2025-07-27,859,1,1,15,1,Referido,50.92,157.81,0,43
510,2024-11-23,2024-11-08,860,1,5,7,1,Portal de empleo,52.58,71.02,0,19
511,2026-03-25,2026-02-22,861,1,2,4,1,Portal de empleo,50.3,103.06,0,33
512,2023-08-30,2023-07-31,862,1,2,4,1,Referido,46.21,117.04,0,5
513,2026-01-26,2025-12-22,863,1,2,22,1,Referido,66.18,110.42,0,45
514,2023-09-15,2023-09-02,864,1,4,21,1,Portal de empleo,63.8,111.79,0,53
515,2023-06-18,2023-05-26,865,1,5,15,1,Referido,73.28,127.22,0,37
516,2025-10-10,2025-09-19,866,1,5,4,1,Universidad,83.55,108.83,0,33
517,2023-12-18,2023-11-18,867,1,1,2,1,Portal de empleo,64.95,75.37,0,43
518,2025-09-22,2025-08-22,868,1,1,22,1,Portal de empleo,69.26,115.81,0,19
519,2023-06-08,2023-05-18,869,1,1,20,1,Agencia,83.21,103.62,414.24,31
520,2024-09-09,2024-08-23,870,1,2,5,1,Referido,55.45,116.62,0,46
521,2025-04-22,2025-03-25,871,1,1,23,1,Portal de empleo,70.92,117.71,0,43
522,2023-07-13,2023-06-19,872,2,6,25,1,Referido,59.09,137.17,0,7
523,2026-07-17,2026-07-04,873,1,1,12,1,Referido,65.56,154.26,0,8
524,2023-10-04,2023-08-15,874,1,3,11,1,Portal de empleo,45.12,107.34,0,20
525,2023-12-25,2023-11-24,875,1,1,4,1,Portal de empleo,68.75,120.96,0,14
526,2026-08-02,2026-07-01,876,1,2,12,1,Referido,52.21,120.34,0,44
527,2025-07-31,2025-07-20,877,1,2,2,1,Portal de empleo,39.56,153.63,0,43
528,2026-06-02,2026-05-13,878,1,5,9,1,Portal de empleo,72.02,156.73,0,20
529,2025-03-29,2025-02-22,879,1,1,21,1,Agencia,75.58,76.22,410.1,40
530,2024-06-25,2024-06-01,880,1,2,22,1,Referido,51.26,84.96,0,14
531,2024-04-30,2024-03-30,881,1,1,4,1,Portal de empleo,73.07,70.77,0,10
532,2023-05-06,2023-04-23,882,2,6,25,1,Universidad,78.25,91.96,0,34
533,2023-07-10,2023-06-23,883,1,2,18,1,Universidad,76.94,145.73,0,30
534,2023-09-23,2023-08-25,884,1,5,24,1,Universidad,25.47,149.65,0,30
535,2023-03-24,2023-03-13,885,1,1,20,1,Universidad,70.56,108.36,0,11
536,2024-11-21,2024-11-01,886,5,13,27,1,Referido,45.29,86.63,0,20
537,2023-06-28,2023-06-03,887,1,2,10,1,Portal de empleo,38.04,144.36,0,39
538,2026-03-03,2026-02-10,888,1,2,12,1,Agencia,67.43,108.4,745.7,26
539,2024-06-11,2024-05-27,889,1,1,21,1,Portal de empleo,86.16,150.36,0,33
540,2023-03-10,2023-02-28,890,1,4,22,1,Portal de empleo,30.33,76.11,0,53
541,2025-05-16,2025-04-13,891,1,1,10,1,Portal de empleo,29.82,141.08,0,22
542,2025-10-08,2025-09-26,892,1,1,19,1,Portal de empleo,67.23,76.58,0,16
543,2025-08-23,2025-08-14,893,4,11,27,1,Universidad,50.91,110.37,0,7
544,2025-01-04,2024-11-19,894,4,12,27,1,Universidad,71.11,148.64,0,19
545,2023-01-18,2022-12-07,895,1,3,15,1,Portal de empleo,87.48,88.88,0,20
546,2023-03-04,2023-02-13,896,1,2,11,1,Referido,52.81,113.15,0,47
547,2024-09-30,2024-08-29,897,1,4,10,1,Portal de empleo,53.45,88.34,0,50
548,2025-01-24,2025-01-08,898,1,1,7,1,Referido,64.05,81.4,0,23
549,2026-07-25,2026-07-03,899,1,1,1,1,Portal de empleo,32.83,91.11,0,38
550,2025-12-22,2025-12-05,900,1,5,19,1,Portal de empleo,65.35,125.73,0,11
