id_colaborador,codigo,nombres,apellidos,genero,fecha_nacimiento,fecha_ingreso,fecha_salida,nivel_educativo,tipo_contrato
1,SIM-00001,Carolina,  Torres Molina  ,Femenino,1977-07-18,2019-04-14,2024-03-08,Bachillerato,Temporal
2,SIM-00002,Miguel,  León León  ,Masculino,1984-06-20,2020-06-28,,Técnico,Indefinido
3,SIM-00003,Lucía,  Rojas Ortiz  ,Femenino,1997-02-15,2019-11-20,,Universitario,Indefinido
4,SIM-00004,Luis,  Vera Vargas  ,Masculino,1977-11-08,2018-10-02,2024-08-22,Universitario,Temporal
5,SIM-00005,Diana,  López Silva  ,Femenino,2002-04-29,2022-12-30,2023-02-05,Posgrado,Indefinido
6,SIM-00006,Juan,  Mendoza Paredes  ,Masculino,1998-02-21,2021-09-30,,Bachillerato,Indefinido
7,SIM-00007,Luis,  Rojas Castro  ,Masculino,1989-09-05,2019-09-18,2023-03-06,Técnico,Indefinido
8,SIM-00008,Lucía,  Mendoza Flores  ,Femenino,1976-12-21,2022-09-13,,Técnico,Indefinido
9,SIM-00009,José,  Ruiz Zambrano  ,Masculino,1996-12-14,2019-07-31,,Posgrado,Temporal
10,SIM-00010,David,  Castro Mendoza  ,Masculino,1988-04-01,2019-04-19,2023-05-12,Bachillerato,Indefinido
11,SIM-00011,Andrés,  Castro León  ,Masculino,1987-12-11,2020-05-13,2024-11-15,Universitario,Indefinido
12,SIM-00012,Paola,  Molina Torres  ,Femenino,2000-07-20,2021-05-21,,Universitario,Indefinido
13,SIM-00013,Diana,  Silva Cabrera  ,Femenino,1983-10-27,2022-11-01,,Posgrado,Indefinido
14,SIM-00014,Pedro,  Cabrera Molina  ,Masculino,1995-05-28,2018-03-03,,Bachillerato,Indefinido
15,SIM-00015,Valeria,  Ruiz Sánchez  ,Femenino,1994-02-13,2018-11-15,2023-07-27,Universitario,Indefinido
16,SIM-00016,Lucía,  Rojas Paredes  ,Femenino,1978-09-11,2021-07-07,2023-12-11,Universitario,Indefinido
17,SIM-00017,Luis,  Vargas Mendoza  ,Masculino,1985-05-02,2018-11-01,,Bachillerato,Indefinido
18,SIM-00018,Lucía,  Cabrera Sánchez  ,Femenino,1985-01-10,2022-09-24,2025-06-07,Posgrado,Indefinido
19,SIM-00019,María,  Vargas Cevallos  ,Femenino,1992-01-30,2022-05-23,2023-05-03,Posgrado,Indefinido
20,SIM-00020,Carlos,  Aguirre Vargas  ,Masculino,1992-09-30,2021-05-16,,Posgrado,Indefinido
21,SIM-00021,Valeria,  Mendoza Aguirre  ,Femenino,1973-10-29,2019-05-08,,Bachillerato,Temporal
22,SIM-00022,Andrea,  Vargas Ruiz  ,Femenino,1983-09-25,2021-03-02,,Universitario,Indefinido
23,SIM-00023,Pedro,  Ortiz Ortiz  ,Masculino,1992-07-21,2020-12-31,2023-06-05,Universitario,Temporal
24,SIM-00024,Sofía,  Cevallos Vera  ,Femenino,1991-11-15,2021-12-22,2024-09-10,Universitario,Indefinido
25,SIM-00025,Daniela,  Vargas Paredes  ,Femenino,1971-01-07,2018-04-19,,Posgrado,Indefinido
26,SIM-00026,Andrea,  Morales Vargas  ,Femenino,1982-05-19,2019-06-30,2025-06-29,Técnico,Temporal
27,SIM-00027,María,  Ortiz Molina  ,Femenino,1984-07-23,2020-02-10,,Técnico,Indefinido
28,SIM-00028,Sofía,  León Cevallos  ,Femenino,1999-12-27,2022-04-14,2025-10-10,Posgrado,Indefinido
29,SIM-00029,Gabriela,  Silva Torres  ,Femenino,1989-01-09,2018-05-22,2025-09-09,Bachillerato,Indefinido
30,SIM-00030,Sofía,  Flores Morales  ,Femenino,1973-03-18,2019-07-20,2025-12-29,Bachillerato,Indefinido
31,SIM-00031,Valeria,Rojas López,femenino,1986-07-03,2022-12-04,2024-07-26,Técnico,Indefinido
32,SIM-00032,Andrea,Vera Torres,femenino,1981-07-29,2022-04-01,2023-08-31,Bachillerato,Indefinido
33,SIM-00033,Valeria,Molina León,femenino,1973-01-24,2019-05-24,2023-09-28,Técnico,Indefinido
34,SIM-00034,Isabel,Castro Castro,femenino,1984-01-05,2021-11-28,2024-02-03,Bachillerato,Indefinido
35,SIM-00035,Pablo,Morales Ortiz,masculino,1973-08-10,2020-01-26,,Universitario,Indefinido
36,SIM-00036,Isabel,Aguirre Mendoza,femenino,1979-08-06,2020-07-07,2025-08-21,Universitario,Indefinido
37,SIM-00037,Carlos,Castro Paredes,masculino,1998-06-04,2020-06-27,2026-03-13,Universitario,Indefinido
38,SIM-00038,David,Vargas Torres,masculino,1977-10-23,2019-06-22,,Universitario,Indefinido
39,SIM-00039,José,Sánchez Vargas,masculino,1996-12-31,2018-05-30,2023-10-04,Bachillerato,Indefinido
40,SIM-00040,Santiago,León Cabrera,masculino,1994-07-10,2018-01-29,2025-08-18,Técnico,Indefinido
41,SIM-00041,Andrea,Mendoza Castro,femenino,1994-11-02,2018-06-05,2026-08-03,Posgrado,Temporal
42,SIM-00042,Gabriela,Sánchez Zambrano,femenino,1975-02-20,2018-01-15,2023-02-20,Universitario,Indefinido
43,SIM-00043,Luis,Castro Castro,masculino,1975-09-06,2021-08-29,2023-02-14,Posgrado,Indefinido
44,SIM-00044,Carlos,Castro Ruiz,masculino,2001-05-28,2021-12-11,2026-01-29,Bachillerato,Indefinido
45,SIM-00045,Ana,Ruiz Vargas,femenino,1994-09-19,2018-03-25,2023-02-05,Técnico,Indefinido
46,SIM-00046,Paola,Ruiz Vargas,femenino,1991-03-31,2022-07-05,2026-03-04,Universitario,Indefinido
47,SIM-00047,María,Rojas Molina,femenino,1975-05-31,2018-11-11,2025-12-06,Bachillerato,Temporal
48,SIM-00048,Diana,Torres Vargas,femenino,1988-03-28,2021-01-15,2025-10-31,Bachillerato,Indefinido
49,SIM-00049,Lucía,Flores Flores,femenino,1995-05-05,2021-05-07,,Bachillerato,Indefinido
50,SIM-00050,Carlos,López Paredes,,1986-11-18,2020-07-24,,Universitario,Indefinido
51,SIM-00051,José,Flores Aguirre,masculino,1984-09-26,2020-10-12,,Posgrado,Indefinido
52,SIM-00052,Diana,Cevallos Sánchez,femenino,1998-12-26,2022-11-28,,Técnico,Temporal
53,SIM-00053,Carolina,Zambrano Aguirre,femenino,1996-11-23,2020-10-26,,Posgrado,Indefinido
54,SIM-00054,Ana,Molina Flores,femenino,1978-02-11,2020-08-08,,Posgrado,Indefinido
55,SIM-00055,Carolina,Sánchez Mendoza,femenino,1976-08-29,2021-07-08,2025-03-26,Bachillerato,Indefinido
56,SIM-00056,Diana,Vargas López,femenino,1976-09-14,2019-11-16,,Técnico,Indefinido
57,SIM-00057,Carlos,López Morales,masculino,1972-07-14,2020-05-05,2024-01-24,Técnico,Indefinido
58,SIM-00058,Juan,Cevallos Morales,masculino,1988-04-11,2019-10-25,,Posgrado,Indefinido
59,SIM-00059,Miguel,Morales Cevallos,masculino,2001-09-09,2021-12-10,,Posgrado,Indefinido
60,SIM-00060,Andrea,Vera Paredes,femenino,1979-03-31,2019-03-20,2023-06-19,Técnico,Indefinido
61,SIM-00061,Jorge,Mendoza Vera,Masculino,1988-04-02,13/12/2018,2023-09-08,Universitario,Indefinido
62,SIM-00062,David,Mendoza Cabrera,Masculino,1971-12-25,12/09/2018,2023-04-22,Bachillerato,Indefinido
63,SIM-00063,Carlos,Aguirre Castro,Masculino,1993-01-20,17/05/2022,2025-02-14,Técnico,Indefinido
64,SIM-00064,Lucía,León Molina,Femenino,1986-03-06,20/01/2020,2023-02-25,Bachillerato,Indefinido
65,SIM-00065,Diana,Vargas Morales,Femenino,1985-08-10,13/01/2021,,Universitario,Indefinido
66,SIM-00066,Juan,López Torres,Masculino,1980-08-24,07/08/2020,,Técnico,Indefinido
67,SIM-00067,Sofía,Ruiz Torres,Femenino,1988-02-06,18/08/2021,2024-03-19,Bachillerato,Indefinido
68,SIM-00068,Santiago,Mendoza Sánchez,Masculino,1989-09-03,08/12/2019,,Técnico,Temporal
69,SIM-00069,José,Molina Mendoza,Masculino,1984-07-06,31/01/2022,2023-04-18,Bachillerato,Indefinido
70,SIM-00070,Sofía,Castro Vargas,Femenino,1977-08-16,18/09/2019,,Posgrado,Temporal
71,SIM-00071,Miguel,Ruiz Mendoza,Masculino,1983-01-09,05/05/2022,2023-02-05,Técnico,Indefinido
72,SIM-00072,María,Sánchez Ruiz,Femenino,1974-04-02,06/03/2018,,Posgrado,Indefinido
73,SIM-00073,Jorge,Ortiz Flores,Masculino,1975-10-02,11/11/2021,2026-03-17,Universitario,Indefinido
74,SIM-00074,Isabel,Paredes Ortiz,Femenino,1991-01-24,23/08/2020,2024-12-24,Técnico,Indefinido
75,SIM-00075,Sofía,Sánchez Sánchez,Femenino,1984-04-03,16/07/2022,2026-08-13,Posgrado,Indefinido
76,SIM-00076,Luis,Flores Torres,Masculino,1989-08-16,07/12/2021,2024-06-06,Universitario,Indefinido
77,SIM-00077,María,Castro Cevallos,Femenino,1994-05-24,01/02/2018,,Bachillerato,Indefinido
78,SIM-00078,Juan,Paredes Sánchez,Masculino,1991-10-02,16/05/2020,,Posgrado,Indefinido
79,SIM-00079,David,Morales Molina,Masculino,1982-01-26,23/04/2022,2023-11-14,Posgrado,Indefinido
80,SIM-00080,Andrea,Aguirre Mendoza,Femenino,1986-08-01,01/12/2018,,Universitario,Indefinido
81,SIM-00081,Juan,Castro Morales,Masculino,1977-05-16,2018-03-07,2024-01-04,Posgrado,Indefinido
82,SIM-00082,Andrea,Castro Castro,Femenino,1976-03-13,2021-12-29,2024-06-28,Universitario,Indefinido
83,SIM-00083,Pablo,Aguirre Molina,Masculino,1987-05-17,2022-10-06,,Posgrado,Temporal
84,SIM-00084,Santiago,Flores Aguirre,Masculino,1998-05-25,2019-02-28,,Posgrado,Temporal
85,SIM-00085,Valeria,León Sánchez,Femenino,1985-04-13,2020-10-21,2023-12-04,Técnico,Temporal
86,SIM-00086,Carolina,Mendoza Rojas,Femenino,1996-11-06,2022-10-01,2024-04-14,Universitario,Indefinido
87,SIM-00087,Diego,León Aguirre,Masculino,1994-05-21,2020-03-26,2024-05-26,Universitario,Indefinido
88,SIM-00088,Pedro,Silva Vargas,Masculino,1993-09-20,2020-06-16,,Técnico,Indefinido
89,SIM-00089,Lucía,Vera Rojas,Femenino,1977-04-07,2021-02-11,,Universitario,Indefinido
90,SIM-00090,David,Aguirre Mendoza,Masculino,1975-12-08,2019-07-29,,Universitario,Indefinido
91,SIM-00091,Andrés,Ruiz Rojas,Masculino,1996-08-25,2019-05-30,2024-02-05,Técnico,Indefinido
92,SIM-00092,Andrea,Sánchez Cevallos,Femenino,1992-07-22,2019-02-27,2023-12-31,Universitario,Temporal
93,SIM-00093,Miguel,Cabrera Vargas,Masculino,1979-10-16,2021-11-02,2026-08-29,Posgrado,Indefinido
94,SIM-00094,Pedro,Paredes Paredes,Masculino,1997-07-14,2018-03-31,2023-04-03,Universitario,Indefinido
95,SIM-00095,Paola,Morales Ruiz,Femenino,1976-07-26,2020-07-21,2024-01-09,Técnico,Temporal
96,SIM-00096,Santiago,Zambrano Rojas,Masculino,1976-07-17,2020-02-11,2026-07-02,Universitario,Indefinido
97,SIM-00097,Carolina,Cevallos Ruiz,Femenino,1986-02-10,2021-02-17,,Técnico,Temporal
98,SIM-00098,Lucía,León Rojas,Femenino,1992-11-19,2021-12-21,,Técnico,Indefinido
99,SIM-00099,Ana,Vera León,Femenino,1996-12-06,2018-08-03,2026-08-08,Técnico,Indefinido
100,SIM-00100,Carolina,Ortiz Flores,,1985-03-30,2022-03-17,,Posgrado,Indefinido
101,SIM-00101,Sofía,Vargas Ruiz,Femenino,2002-07-09,2022-07-31,2025-11-29,Bachillerato,Indefinido
102,SIM-00102,Valeria,Flores Rojas,Femenino,1988-07-26,2019-01-30,,Universitario,Temporal
103,SIM-00103,Diana,Silva Sánchez,Femenino,1977-11-28,2018-06-09,2025-08-08,Técnico,Indefinido
104,SIM-00104,Valeria,López Sánchez,Femenino,1976-09-26,2021-02-14,,Posgrado,Indefinido
105,SIM-00105,Juan,Morales Zambrano,Masculino,1980-11-09,2020-12-21,2024-02-17,Universitario,Indefinido
106,SIM-00106,Diana,Vargas Morales,Femenino,1985-05-06,2019-06-30,,Universitario,Indefinido
107,SIM-00107,Luis,Sánchez Silva,Masculino,1981-01-28,2018-06-25,2023-03-23,Bachillerato,Temporal
108,SIM-00108,Andrea,Aguirre Molina,Femenino,1998-03-02,2019-01-14,,Posgrado,Indefinido
109,SIM-00109,Isabel,León Zambrano,Femenino,1976-04-01,2019-09-09,2024-04-25,Universitario,Indefinido
110,SIM-00110,Daniela,Aguirre Sánchez,Femenino,1977-09-22,2021-12-04,2025-09-25,Técnico,Indefinido
111,SIM-00111,Pedro,Cabrera Flores,Masculino,1983-06-09,2019-04-25,2024-12-26,Bachillerato,Indefinido
112,SIM-00112,Pablo,Castro Aguirre,Masculino,1977-07-02,2020-02-15,,Técnico,Indefinido
113,SIM-00113,Carolina,Ortiz Aguirre,Femenino,1998-12-08,2020-04-24,2023-02-14,Bachillerato,Indefinido
114,SIM-00114,María,Paredes Castro,Femenino,1992-05-06,2022-09-23,2023-04-11,Técnico,Indefinido
115,SIM-00115,Gabriela,Cabrera Aguirre,Femenino,1976-02-05,2020-09-19,2023-07-13,Universitario,Temporal
116,SIM-00116,Valeria,Molina Paredes,Femenino,1991-12-04,2019-09-13,2023-07-21,Técnico,Indefinido
117,SIM-00117,David,Vargas Rojas,Masculino,1979-04-26,2018-10-19,2024-09-08,Bachillerato,Indefinido
118,SIM-00118,Ana,Vargas Torres,Femenino,1976-05-06,2022-12-27,2026-02-17,Bachillerato,Indefinido
119,SIM-00119,Lucía,Ruiz Ruiz,Femenino,1975-12-16,2022-06-29,,Universitario,Indefinido
120,SIM-00120,Juan,Morales Ruiz,Masculino,1973-03-28,2018-01-11,2024-06-03,Universitario,Indefinido
121,SIM-00121,David,Morales Sánchez,Masculino,1991-10-17,2021-06-15,,Universitario,Indefinido
122,SIM-00122,José,Mendoza Ortiz,Masculino,1999-07-07,2020-03-18,,Bachillerato,Indefinido
123,SIM-00123,Jorge,Torres Morales,Masculino,1983-01-08,2019-09-21,2025-12-15,Bachillerato,Indefinido
124,SIM-00124,Juan,Castro Paredes,Masculino,1988-02-06,2018-01-21,2026-07-08,Bachillerato,Indefinido
125,SIM-00125,Carolina,Ruiz Vargas,Femenino,1990-11-24,2019-04-15,2024-02-05,Posgrado,Indefinido
126,SIM-00126,Pablo,Ortiz Sánchez,Masculino,1981-11-10,2021-01-14,2025-09-18,Bachillerato,Indefinido
127,SIM-00127,Carlos,Aguirre Castro,Masculino,1992-03-31,2022-10-29,2023-06-02,Universitario,Indefinido
128,SIM-00128,Andrea,López Rojas,Femenino,1996-11-27,2020-11-06,2026-04-21,Bachillerato,Temporal
129,SIM-00129,Luis,Ruiz Sánchez,Masculino,1989-11-04,2018-08-06,,Técnico,Temporal
130,SIM-00130,Sofía,Cabrera Ortiz,Femenino,1993-03-19,2018-06-25,2025-12-12,Técnico,Temporal
131,SIM-00131,David,Paredes Mendoza,Masculino,1999-08-08,2022-11-02,,Bachillerato,Indefinido
132,SIM-00132,Diana,Zambrano Morales,Femenino,1995-11-12,2018-02-25,,Bachillerato,Indefinido
133,SIM-00133,Ana,Vera Cabrera,Femenino,1988-09-11,2018-06-10,2023-02-11,Universitario,Indefinido
134,SIM-00134,Paola,Torres Cabrera,Femenino,1978-11-14,2022-03-31,2023-03-27,Universitario,Indefinido
135,SIM-00135,Isabel,Ortiz Ortiz,Femenino,1985-10-05,2019-10-28,2026-08-27,Posgrado,Indefinido
136,SIM-00136,Sofía,Ruiz Castro,Femenino,1983-11-08,2018-06-14,2025-03-23,Universitario,Indefinido
137,SIM-00137,Andrés,Molina Ortiz,Masculino,1981-09-22,2018-09-13,,Bachillerato,Indefinido
138,SIM-00138,Pablo,Vargas Sánchez,Masculino,1989-12-10,2022-02-27,2026-07-03,Universitario,Indefinido
139,SIM-00139,José,Silva Vera,Masculino,1997-02-28,2022-04-19,2026-06-01,Universitario,Indefinido
140,SIM-00140,Daniela,Zambrano Ruiz,Femenino,1983-12-16,2019-01-05,,Posgrado,Indefinido
141,SIM-00141,Miguel,Castro Molina,Masculino,1990-03-23,2021-01-28,2023-07-25,Técnico,Indefinido
142,SIM-00142,Diego,Mendoza Paredes,Masculino,1979-06-25,2022-09-05,2025-10-18,Bachillerato,Indefinido
143,SIM-00143,Daniela,López Zambrano,Femenino,1990-09-10,2019-06-11,2024-04-18,Bachillerato,Indefinido
144,SIM-00144,David,Ortiz León,Masculino,1982-06-27,2022-06-25,2025-07-19,Posgrado,Indefinido
145,SIM-00145,Santiago,Morales Morales,Masculino,1987-09-26,2018-10-14,,Técnico,Indefinido
146,SIM-00146,Sofía,Ruiz León,Femenino,1986-11-13,2020-08-20,2024-03-27,Posgrado,Temporal
147,SIM-00147,Santiago,Flores Vargas,Masculino,1983-10-02,2018-10-09,2024-10-14,Posgrado,Indefinido
148,SIM-00148,Lucía,Silva Ortiz,Femenino,1982-02-05,2021-03-02,2024-08-26,Posgrado,Indefinido
149,SIM-00149,Isabel,Molina Mendoza,Femenino,1977-01-19,2018-03-02,2023-10-26,Técnico,Indefinido
150,SIM-00150,Ana,Molina Torres,,1978-12-29,2019-05-12,2023-08-21,Posgrado,Indefinido
151,SIM-00151,Gabriela,Castro Silva,Femenino,1970-11-25,2018-07-07,2023-07-01,Posgrado,Indefinido
152,SIM-00152,Lucía,Silva Vera,Femenino,1993-02-24,2022-04-07,,Posgrado,Indefinido
153,SIM-00153,Andrea,Flores López,Femenino,1984-06-11,2018-01-22,2023-06-05,Universitario,Indefinido
154,SIM-00154,María,Flores Rojas,Femenino,1978-08-25,2020-07-28,2023-07-03,Técnico,Indefinido
155,SIM-00155,Sofía,Mendoza Flores,Femenino,1972-10-18,2018-01-13,,Técnico,Indefinido
156,SIM-00156,Santiago,Mendoza León,Masculino,1985-08-01,2018-05-09,2023-04-23,Bachillerato,Indefinido
157,SIM-00157,Daniela,Castro Ortiz,Femenino,1985-06-11,2022-06-13,2023-10-04,Bachillerato,Indefinido
158,SIM-00158,María,Zambrano Torres,Femenino,1977-05-13,2022-08-25,2025-12-15,Posgrado,Indefinido
159,SIM-00159,Santiago,Silva Ortiz,Masculino,1978-04-13,2021-09-30,2023-10-16,Bachillerato,Indefinido
160,SIM-00160,Carolina,Molina Mendoza,Femenino,1971-05-12,2019-01-02,,Posgrado,Indefinido
161,SIM-00161,Ana,Vargas Paredes,Femenino,1975-07-13,2020-02-21,,Bachillerato,Indefinido
162,SIM-00162,José,Morales Zambrano,Masculino,1994-05-10,2022-06-09,2023-02-16,Universitario,Indefinido
163,SIM-00163,Paola,Flores Molina,Femenino,1974-03-17,2018-10-27,,Posgrado,Indefinido
164,SIM-00164,Paola,Torres Silva,Femenino,1978-09-09,2020-10-10,2023-05-05,Bachillerato,Indefinido
165,SIM-00165,Gabriela,Flores Sánchez,Femenino,1999-07-23,2020-10-11,2026-08-05,Bachillerato,Indefinido
166,SIM-00166,Andrea,Morales Silva,Femenino,1972-05-24,2018-01-29,2025-06-18,Posgrado,Indefinido
167,SIM-00167,Santiago,Sánchez Silva,Masculino,1986-06-11,2020-01-14,,Posgrado,Indefinido
168,SIM-00168,Lucía,López Morales,Femenino,1974-05-10,2018-06-05,,Técnico,Indefinido
169,SIM-00169,Gabriela,Paredes León,Femenino,1990-11-19,2021-06-03,,Bachillerato,Indefinido
170,SIM-00170,María,Rojas Cevallos,Femenino,1995-03-09,2019-10-01,2024-01-19,Técnico,Temporal
171,SIM-00171,José,Molina Vera,Masculino,1978-12-05,2020-06-27,,Técnico,Indefinido
172,SIM-00172,José,Cevallos Aguirre,Masculino,1993-12-03,2022-05-18,2024-03-05,Universitario,Indefinido
173,SIM-00173,Carlos,Vargas Rojas,Masculino,1978-04-18,2019-02-09,2023-07-11,Posgrado,Indefinido
174,SIM-00174,Diana,Paredes Rojas,Femenino,1974-01-30,2020-05-12,2025-04-20,Técnico,Indefinido
175,SIM-00175,Pedro,Mendoza López,Masculino,1983-11-09,2021-05-19,2023-02-05,Posgrado,Indefinido
176,SIM-00176,Santiago,León Vera,Masculino,1976-10-19,2022-01-14,,Universitario,Indefinido
177,SIM-00177,Andrés,Cevallos López,Masculino,1975-08-15,2020-07-20,2023-09-02,Técnico,Indefinido
178,SIM-00178,Miguel,Vera Paredes,Masculino,1985-11-19,2019-03-04,2024-03-02,Técnico,Indefinido
179,SIM-00179,David,Flores Morales,Masculino,1984-01-05,2018-08-09,2024-09-28,Universitario,Indefinido
180,SIM-00180,Luis,Cevallos Vargas,Masculino,1991-05-15,2022-01-08,,Posgrado,Indefinido
181,SIM-00181,Gabriela,Paredes Aguirre,Femenino,1974-03-24,2021-03-01,,Posgrado,Indefinido
182,SIM-00182,Sofía,León Ruiz,Femenino,1991-11-17,2018-03-08,2024-01-01,Bachillerato,Indefinido
183,SIM-00183,Daniela,Vera Cabrera,Femenino,1975-11-21,2020-05-19,2025-07-03,Universitario,Indefinido
184,SIM-00184,Daniela,Cevallos Ortiz,Femenino,1997-10-04,2020-02-01,,Posgrado,Indefinido
185,SIM-00185,Sofía,Castro Morales,Femenino,1983-10-13,2022-11-25,2023-09-10,Técnico,Indefinido
186,SIM-00186,Ana,Paredes Vera,Femenino,1981-07-03,2020-06-02,2025-08-24,Universitario,Indefinido
187,SIM-00187,Luis,Morales Ruiz,Masculino,1983-07-30,2020-08-05,,Bachillerato,Indefinido
188,SIM-00188,Diana,Molina Aguirre,Femenino,1999-04-07,2021-12-28,,Universitario,Indefinido
189,SIM-00189,Andrés,Paredes Cabrera,Masculino,1979-08-13,2018-09-02,2024-04-07,Universitario,Temporal
190,SIM-00190,Valeria,Silva Mendoza,Femenino,1981-06-09,2021-04-04,2026-06-11,Bachillerato,Indefinido
191,SIM-00191,Luis,Flores Cevallos,Masculino,1975-03-25,2019-06-25,,Posgrado,Indefinido
192,SIM-00192,Santiago,Torres Ortiz,Masculino,1973-09-19,2018-08-17,,Técnico,Temporal
193,SIM-00193,Lucía,Ruiz León,Femenino,1981-02-13,2021-07-21,2026-05-10,Bachillerato,Indefinido
194,SIM-00194,Santiago,León Zambrano,Masculino,1993-02-24,2018-01-30,2024-11-21,Universitario,Indefinido
195,SIM-00195,José,Cevallos Mendoza,Masculino,1994-01-11,2021-02-28,,Bachillerato,Indefinido
196,SIM-00196,David,Vera Cabrera,Masculino,2000-12-27,2022-05-12,2024-10-11,Bachillerato,Temporal
197,SIM-00197,Andrea,Vera Molina,Femenino,1980-11-06,2021-08-31,2023-04-23,Técnico,Indefinido
198,SIM-00198,Valeria,Silva Torres,Femenino,1997-07-20,2022-02-05,,Posgrado,Indefinido
199,SIM-00199,José,Paredes Rojas,Masculino,1989-06-15,2020-11-23,,Posgrado,Indefinido
200,SIM-00200,Daniela,Cabrera Morales,,1971-10-04,2018-10-09,2024-12-08,Posgrado,Indefinido
201,SIM-00201,Santiago,Paredes Vera,Masculino,1977-04-03,2020-06-17,2023-05-27,Técnico,Indefinido
202,SIM-00202,Santiago,López Paredes,Masculino,1990-05-28,2020-12-28,2023-03-15,Bachillerato,Temporal
203,SIM-00203,Pablo,Molina Ruiz,Masculino,1983-12-28,2022-09-26,,Posgrado,Indefinido
204,SIM-00204,Gabriela,Flores Mendoza,Femenino,1975-03-05,2022-03-12,2023-09-24,Bachillerato,Indefinido
205,SIM-00205,Isabel,Zambrano Paredes,Femenino,1990-01-05,2022-10-13,,Universitario,Indefinido
206,SIM-00206,Jorge,Torres Aguirre,Masculino,1976-07-27,2018-02-11,2023-07-26,Posgrado,Indefinido
207,SIM-00207,José,López Vera,Masculino,1995-11-03,2019-08-03,,Bachillerato,Temporal
208,SIM-00208,Daniela,Ruiz Torres,Femenino,1985-09-02,2019-01-17,,Posgrado,Indefinido
209,SIM-00209,Carolina,León Aguirre,Femenino,1989-10-12,2022-11-23,2024-06-21,Posgrado,Temporal
210,SIM-00210,Juan,Cevallos Mendoza,Masculino,1988-11-11,2022-12-09,2023-07-06,Posgrado,Indefinido
211,SIM-00211,Daniela,Vargas León,Femenino,1989-04-06,2019-12-26,2023-04-04,Posgrado,Indefinido
212,SIM-00212,Ana,Rojas Rojas,Femenino,1979-06-03,2018-03-08,2025-07-12,Bachillerato,Indefinido
213,SIM-00213,Ana,Cabrera Morales,Femenino,1998-12-11,2019-03-11,,Técnico,Indefinido
214,SIM-00214,Carolina,Vargas Silva,Femenino,1990-02-23,2018-09-18,,Bachillerato,Indefinido
215,SIM-00215,Juan,Mendoza Vera,Masculino,1996-03-13,2021-12-22,2023-05-20,Técnico,Temporal
216,SIM-00216,Carlos,Ruiz López,Masculino,1987-03-17,2022-12-29,,Bachillerato,Indefinido
217,SIM-00217,Diego,Vargas Vera,Masculino,1995-09-14,2022-11-20,2023-11-12,Universitario,Indefinido
218,SIM-00218,Andrés,Flores Paredes,Masculino,1979-06-27,2022-09-09,2024-05-01,Posgrado,Indefinido
219,SIM-00219,Daniela,Silva Vargas,Femenino,1978-07-14,2019-08-09,2024-11-12,Bachillerato,Temporal
220,SIM-00220,Diana,Castro Aguirre,Femenino,1988-10-12,2022-05-05,2024-02-25,Posgrado,Indefinido
221,SIM-00221,David,Cabrera Cevallos,Masculino,1983-05-16,2021-04-28,2025-06-09,Posgrado,Indefinido
222,SIM-00222,Ana,Paredes Zambrano,Femenino,1996-02-03,2018-05-03,2026-08-18,Universitario,Temporal
223,SIM-00223,Paola,Ortiz Castro,Femenino,1992-10-13,2021-11-16,2023-12-10,Universitario,Indefinido
224,SIM-00224,Miguel,López Silva,Masculino,1989-06-15,2022-03-26,,Universitario,Indefinido
225,SIM-00225,Diego,Mendoza Cevallos,Masculino,1999-09-14,2020-04-09,2025-03-10,Bachillerato,Indefinido
226,SIM-00226,Ana,León Silva,Femenino,1989-01-09,2022-03-17,2025-10-03,Técnico,Indefinido
227,SIM-00227,Diana,López Cabrera,Femenino,1982-12-21,2021-11-21,,Posgrado,Indefinido
228,SIM-00228,José,Zambrano Zambrano,Masculino,1992-06-06,2018-12-21,2023-08-06,Técnico,Indefinido
229,SIM-00229,Isabel,Rojas Cevallos,Femenino,1981-03-10,2021-03-09,,Posgrado,Indefinido
230,SIM-00230,Isabel,Sánchez Zambrano,Femenino,1972-04-26,2018-06-02,,Bachillerato,Indefinido
231,SIM-00231,Isabel,Paredes Cevallos,Femenino,1997-10-30,2022-04-05,2024-06-05,Bachillerato,Indefinido
232,SIM-00232,Paola,Mendoza Aguirre,Femenino,1976-12-16,2018-05-17,2023-02-05,Posgrado,Temporal
233,SIM-00233,María,Vera Ruiz,Femenino,1983-07-15,2021-06-07,,Bachillerato,Indefinido
234,SIM-00234,Pedro,López Cevallos,Masculino,1975-09-23,2020-12-28,2023-02-15,Universitario,Temporal
235,SIM-00235,Valeria,Aguirre Cabrera,Femenino,1999-04-07,2022-04-28,,Bachillerato,Indefinido
236,SIM-00236,Santiago,Molina Ruiz,Masculino,1973-12-01,2018-05-11,,Técnico,Temporal
237,SIM-00237,José,Castro León,Masculino,1988-11-09,2021-07-05,2023-02-06,Posgrado,Indefinido
238,SIM-00238,Carlos,Vera Rojas,Masculino,1978-03-08,2018-11-12,2025-02-27,Técnico,Indefinido
239,SIM-00239,Lucía,León Zambrano,Femenino,1981-12-27,2018-06-21,,Técnico,Indefinido
240,SIM-00240,Carlos,Paredes Cabrera,Masculino,2001-10-24,2022-06-05,2023-04-25,Universitario,Temporal
241,SIM-00241,Diego,Morales Morales,Masculino,1999-12-04,2022-10-23,,Universitario,Indefinido
242,SIM-00242,Isabel,Cabrera Rojas,Femenino,1980-01-24,2020-02-22,,Universitario,Temporal
243,SIM-00243,Pablo,Vargas Rojas,Masculino,1992-10-12,2019-11-12,,Posgrado,Indefinido
244,SIM-00244,Juan,Torres León,Masculino,1992-07-31,2020-07-23,2023-02-05,Técnico,Indefinido
245,SIM-00245,Paola,Torres Rojas,Femenino,1986-12-27,2022-04-01,2026-06-21,Técnico,Indefinido
246,SIM-00246,Miguel,Aguirre Castro,Masculino,1983-11-16,2021-12-18,2025-03-13,Posgrado,Indefinido
247,SIM-00247,Daniela,Sánchez Castro,Femenino,1989-02-23,2020-03-03,,Universitario,Indefinido
248,SIM-00248,Isabel,Zambrano Flores,Femenino,1975-01-09,2018-11-09,,Bachillerato,Indefinido
249,SIM-00249,Daniela,León Vargas,Femenino,1978-08-04,2020-09-26,2023-12-05,Posgrado,Indefinido
250,SIM-00250,Paola,Flores Mendoza,,1998-11-11,2019-11-17,2023-09-01,Posgrado,Indefinido
251,SIM-00251,Diego,Cabrera Vargas,Masculino,1981-03-22,2020-04-27,2023-06-11,Universitario,Indefinido
252,SIM-00252,Diego,Morales Aguirre,Masculino,1976-05-09,2021-06-08,,Bachillerato,Indefinido
253,SIM-00253,Ana,Zambrano Cevallos,Femenino,1974-02-26,2019-03-01,2024-06-10,Bachillerato,Indefinido
254,SIM-00254,Sofía,Rojas Castro,Femenino,1980-02-22,2018-03-19,2025-01-06,Universitario,Indefinido
255,SIM-00255,Andrea,Morales Sánchez,Femenino,1979-03-20,2018-03-23,2025-01-20,Universitario,Indefinido
256,SIM-00256,Juan,Aguirre Rojas,Masculino,1973-06-27,2018-04-05,,Técnico,Indefinido
257,SIM-00257,Juan,Flores León,Masculino,1988-03-28,2018-12-26,,Posgrado,Indefinido
258,SIM-00258,Andrea,Mendoza Ruiz,Femenino,1992-01-17,2020-01-02,2025-02-17,Universitario,Indefinido
259,SIM-00259,Andrea,Rojas López,Femenino,1994-07-29,2020-02-11,,Bachillerato,Indefinido
260,SIM-00260,Andrés,Mendoza Vargas,Masculino,1994-08-24,2022-04-27,2023-03-02,Bachillerato,Indefinido
261,SIM-00261,Andrea,Flores Silva,Femenino,1980-04-01,2019-02-02,,Bachillerato,Indefinido
262,SIM-00262,Andrea,López Molina,Femenino,1987-03-09,2019-10-22,2023-09-08,Universitario,Indefinido
263,SIM-00263,Carlos,Rojas Flores,Masculino,1984-08-01,2020-07-16,,Posgrado,Temporal
264,SIM-00264,Lucía,Molina Zambrano,Femenino,1989-08-23,2021-07-29,2024-03-22,Bachillerato,Indefinido
265,SIM-00265,Diana,Silva León,Femenino,1973-10-02,2019-04-20,2023-11-01,Bachillerato,Temporal
266,SIM-00266,María,Morales Sánchez,Femenino,1992-04-11,2018-12-20,2025-10-30,Universitario,Indefinido
267,SIM-00267,Diego,Rojas López,Masculino,1978-02-20,2018-07-22,2025-01-28,Bachillerato,Indefinido
268,SIM-00268,Andrés,Sánchez Zambrano,Masculino,1974-12-20,2020-05-04,,Bachillerato,Indefinido
269,SIM-00269,Miguel,Flores Vargas,Masculino,1987-09-13,2021-03-04,2025-08-24,Bachillerato,Indefinido
270,SIM-00270,Diego,Morales Cabrera,Masculino,1979-07-13,2018-09-21,,Bachillerato,Indefinido
271,SIM-00271,Daniela,Vera Flores,Femenino,1993-05-08,2018-05-11,2023-07-06,Posgrado,Indefinido
272,SIM-00272,Carolina,Cevallos Torres,Femenino,1991-06-25,2018-03-26,2023-02-27,Técnico,Indefinido
273,SIM-00273,David,Ruiz Vera,Masculino,1998-04-13,2018-10-22,2023-12-09,Universitario,Indefinido
274,SIM-00274,Sofía,Vargas Zambrano,Femenino,1989-08-09,2020-06-27,2024-09-23,Posgrado,Indefinido
275,SIM-00275,Isabel,Ortiz León,Femenino,1981-03-29,2019-09-29,2024-11-27,Posgrado,Temporal
276,SIM-00276,Paola,Sánchez Morales,Femenino,1997-02-27,2022-02-25,2025-01-31,Posgrado,Indefinido
277,SIM-00277,Miguel,Silva Torres,Masculino,1980-02-25,2018-02-13,2023-08-17,Técnico,Temporal
278,SIM-00278,Pablo,Flores Cevallos,Masculino,2001-08-29,2022-02-05,,Técnico,Indefinido
279,SIM-00279,Daniela,Cabrera Morales,Femenino,1974-12-13,2022-02-24,,Universitario,Indefinido
280,SIM-00280,Diana,Morales Ortiz,Femenino,1988-08-10,2022-11-05,,Técnico,Temporal
281,SIM-00281,Miguel,Molina Aguirre,Masculino,1976-08-27,2021-02-18,2023-08-25,Posgrado,Indefinido
282,SIM-00282,Carolina,Molina Cabrera,Femenino,1981-11-21,2022-05-23,2025-02-20,Bachillerato,Temporal
283,SIM-00283,Pablo,Flores Silva,Masculino,1975-02-05,2021-10-06,2025-12-05,Universitario,Indefinido
284,SIM-00284,Diego,Ortiz Ruiz,Masculino,1998-01-08,2019-04-10,2023-10-24,Posgrado,Indefinido
285,SIM-00285,María,López Vera,Femenino,1985-02-17,2022-09-08,,Técnico,Indefinido
286,SIM-00286,Diana,Aguirre Rojas,Femenino,1979-04-30,2022-05-07,2025-10-26,Posgrado,Indefinido
287,SIM-00287,Daniela,Paredes Cabrera,Femenino,1988-03-25,2018-01-21,2023-02-05,Bachillerato,Temporal
288,SIM-00288,Miguel,Silva Castro,Masculino,1976-07-07,2019-04-19,2024-06-18,Bachillerato,Indefinido
289,SIM-00289,Santiago,Flores Paredes,Masculino,1985-04-30,2021-10-28,,Universitario,Indefinido
290,SIM-00290,Jorge,Torres Paredes,Masculino,1998-07-23,2020-12-24,2026-04-10,Universitario,Temporal
291,SIM-00291,Daniela,Torres Molina,Femenino,1999-04-19,2019-08-18,,Posgrado,Indefinido
292,SIM-00292,Juan,Castro Silva,Masculino,1993-01-06,2019-01-08,,Posgrado,Indefinido
293,SIM-00293,Andrea,Vera López,Femenino,1978-06-06,2021-10-30,2025-03-07,Universitario,Indefinido
294,SIM-00294,Juan,Morales López,Masculino,1980-04-05,2022-11-21,2026-05-02,Posgrado,Temporal
295,SIM-00295,Andrés,Torres Castro,Masculino,1984-10-06,2020-01-01,,Posgrado,Indefinido
296,SIM-00296,Daniela,Cabrera Mendoza,Femenino,1992-11-11,2022-12-11,2023-04-30,Bachillerato,Indefinido
297,SIM-00297,Paola,Cabrera Silva,Femenino,1995-08-14,2018-02-27,2025-08-21,Técnico,Indefinido
298,SIM-00298,Diego,Castro Torres,Masculino,1985-06-20,2018-05-06,2023-06-14,Bachillerato,Indefinido
299,SIM-00299,Isabel,Ruiz Aguirre,Femenino,1988-02-03,2022-02-19,,Bachillerato,Indefinido
300,SIM-00300,Miguel,Sánchez Ortiz,,1984-08-28,2021-08-28,,Universitario,Indefinido
301,SIM-00301,María,Vargas Rojas,Femenino,1986-05-28,2019-08-04,2026-03-10,Bachillerato,Indefinido
302,SIM-00302,Diana,Morales Flores,Femenino,1996-07-17,2019-02-20,2023-08-19,Bachillerato,Temporal
303,SIM-00303,Gabriela,Sánchez Rojas,Femenino,1990-05-20,2022-09-26,,Bachillerato,Indefinido
304,SIM-00304,Pablo,Paredes Paredes,Masculino,1994-03-02,2020-05-15,,Bachillerato,Indefinido
305,SIM-00305,Daniela,Ortiz Molina,Femenino,1996-07-08,2019-12-06,2023-07-25,Técnico,Indefinido
306,SIM-00306,Pablo,Vera Cabrera,Masculino,1993-03-24,2022-01-27,,Bachillerato,Indefinido
307,SIM-00307,Daniela,Flores Cevallos,Femenino,2001-04-12,2022-06-20,,Bachillerato,Indefinido
308,SIM-00308,Sofía,Mendoza Castro,Femenino,1993-02-28,2022-09-25,2023-02-05,Universitario,Temporal
309,SIM-00309,Jorge,Zambrano Vargas,Masculino,1980-11-28,2018-09-22,,Universitario,Indefinido
310,SIM-00310,Andrea,Castro Aguirre,Femenino,1986-09-07,2019-11-05,,Posgrado,Indefinido
311,SIM-00311,Andrea,Molina Cevallos,Femenino,1998-03-10,2021-04-30,2023-05-26,Posgrado,Indefinido
312,SIM-00312,Sofía,Flores Morales,Femenino,1987-07-18,2018-08-16,2024-06-05,Bachillerato,Indefinido
313,SIM-00313,Luis,Silva Vera,Masculino,1992-07-01,2021-01-27,2023-07-12,Universitario,Indefinido
314,SIM-00314,Luis,Castro León,Masculino,1983-12-28,2020-11-19,,Universitario,Temporal
315,SIM-00315,Ana,Aguirre Castro,Femenino,1990-11-21,2020-01-18,2024-08-08,Bachillerato,Indefinido
316,SIM-00316,Isabel,Ortiz Ortiz,Femenino,1986-10-12,2021-03-11,2023-02-05,Posgrado,Indefinido
317,SIM-00317,Sofía,Ruiz Molina,Femenino,1990-07-18,2021-10-12,2023-09-03,Bachillerato,Temporal
318,SIM-00318,Isabel,Vargas López,Femenino,1990-10-29,2022-03-04,2023-07-29,Bachillerato,Indefinido
319,SIM-00319,Pedro,López Silva,Masculino,1976-11-03,2022-10-19,2024-07-07,Posgrado,Indefinido
320,SIM-00320,Paola,Cabrera Vargas,Femenino,1999-03-29,2022-02-15,,Bachillerato,Indefinido
321,SIM-00321,Andrea,Mendoza Castro,Femenino,1992-10-03,2020-11-08,,Universitario,Indefinido
322,SIM-00322,Andrea,López Ortiz,Femenino,1977-02-17,2022-12-27,,Técnico,Indefinido
323,SIM-00323,José,Rojas Silva,Masculino,1974-09-04,2018-09-21,2024-08-22,Posgrado,Temporal
324,SIM-00324,Paola,Vera Cabrera,Femenino,1993-12-18,2018-06-20,2025-11-30,Bachillerato,Indefinido
325,SIM-00325,Pedro,Torres Cabrera,Masculino,1974-07-20,2022-01-29,2023-04-02,Técnico,Indefinido
326,SIM-00326,Carolina,Paredes Zambrano,Femenino,1994-12-29,2019-02-12,2026-05-03,Posgrado,Indefinido
327,SIM-00327,Sofía,Ruiz Cevallos,Femenino,1997-12-11,2021-04-30,,Bachillerato,Indefinido
328,SIM-00328,Andrea,Sánchez Cabrera,Femenino,1978-11-25,2022-02-20,2023-10-07,Posgrado,Temporal
329,SIM-00329,Ana,Aguirre Aguirre,Femenino,1997-11-17,2020-04-29,,Bachillerato,Indefinido
330,SIM-00330,Santiago,Vargas Flores,Masculino,1994-11-13,2018-01-14,2024-01-05,Posgrado,Indefinido
331,SIM-00331,Sofía,López Ruiz,Femenino,1991-06-23,2019-08-28,,Bachillerato,Indefinido
332,SIM-00332,Pedro,Silva Morales,Masculino,1982-11-29,2018-12-05,2026-02-13,Bachillerato,Indefinido
333,SIM-00333,Jorge,Sánchez León,Masculino,1990-01-13,2019-02-15,,Bachillerato,Indefinido
334,SIM-00334,Gabriela,Castro Silva,Femenino,1986-10-27,2022-10-29,2025-02-20,Posgrado,Indefinido
335,SIM-00335,Sofía,López Molina,Femenino,1996-11-24,2020-10-16,,Universitario,Temporal
336,SIM-00336,Santiago,Sánchez Vera,Masculino,1979-05-16,2018-10-31,2024-03-12,Universitario,Indefinido
337,SIM-00337,Pablo,Morales Cevallos,Masculino,1997-05-13,2019-09-29,2023-03-31,Universitario,Indefinido
338,SIM-00338,Pablo,Morales Vargas,Masculino,1975-06-16,2019-11-18,2023-09-13,Universitario,Indefinido
339,SIM-00339,Diana,León López,Femenino,1986-09-09,2020-11-03,2024-10-07,Técnico,Indefinido
340,SIM-00340,Daniela,Ortiz Cevallos,Femenino,1996-05-27,2019-04-14,,Bachillerato,Indefinido
341,SIM-00341,Isabel,Vargas Morales,Femenino,1980-06-30,2019-08-04,,Universitario,Indefinido
342,SIM-00342,Ana,Molina Vargas,Femenino,1976-10-10,2021-08-12,2023-09-26,Posgrado,Indefinido
343,SIM-00343,Santiago,Rojas Vera,Masculino,1981-12-06,2022-02-11,,Universitario,Temporal
344,SIM-00344,Miguel,Ortiz Aguirre,Masculino,1980-06-18,2019-12-13,2025-08-18,Bachillerato,Indefinido
345,SIM-00345,Santiago,Molina Aguirre,Masculino,1985-01-22,2020-02-08,,Universitario,Indefinido
346,SIM-00346,José,Paredes Vera,Masculino,1986-08-19,2018-05-23,2024-09-18,Posgrado,Indefinido
347,SIM-00347,Isabel,Cevallos León,Femenino,1991-03-13,2022-12-19,2024-10-17,Universitario,Indefinido
348,SIM-00348,Andrea,Ruiz Rojas,Femenino,1983-10-02,2018-07-26,,Posgrado,Indefinido
349,SIM-00349,Pedro,León Mendoza,Masculino,1989-04-29,2019-07-24,,Posgrado,Indefinido
350,SIM-00350,Diego,Flores Zambrano,,1985-11-26,2020-11-21,,Bachillerato,Indefinido
351,SIM-00351,Ana,Mendoza Ortiz,Femenino,1979-11-20,2024-01-07,,Posgrado,Indefinido
352,SIM-00352,María,León Flores,Femenino,1989-07-03,2023-10-17,2024-10-13,Técnico,Indefinido
353,SIM-00353,Pablo,Cabrera Sánchez,Masculino,2002-01-29,2025-08-18,,Técnico,Indefinido
354,SIM-00354,Diana,Ruiz Vera,Femenino,1977-09-11,2024-02-21,,Técnico,Indefinido
355,SIM-00355,Gabriela,Vargas Rojas,Femenino,1993-05-19,2023-06-18,,Posgrado,Indefinido
356,SIM-00356,Pablo,Paredes Silva,Masculino,1997-06-24,2024-02-20,2024-03-26,Posgrado,Indefinido
357,SIM-00357,Diego,Rojas Molina,Masculino,1985-06-03,2024-05-14,,Universitario,Indefinido
358,SIM-00358,Ana,Torres Ruiz,Femenino,1996-01-19,2024-08-21,,Universitario,Indefinido
359,SIM-00359,Carlos,Cevallos Silva,Masculino,1981-08-19,2026-04-01,,Bachillerato,Indefinido
360,SIM-00360,Luis,Molina Vera,Masculino,1991-07-17,2023-04-09,,Técnico,Indefinido
361,SIM-00361,Paola,Rojas Vera,Femenino,1994-04-09,2024-12-25,2026-04-20,Técnico,Indefinido
362,SIM-00362,Andrés,Sánchez Paredes,Masculino,2001-10-15,2026-07-30,,Bachillerato,Indefinido
363,SIM-00363,Miguel,Ortiz Morales,Masculino,1978-12-13,2024-12-09,2025-07-10,Posgrado,Indefinido
364,SIM-00364,Isabel,Rojas Aguirre,Femenino,1999-01-23,2024-04-28,,Posgrado,Temporal
365,SIM-00365,Santiago,Castro León,Masculino,1991-09-13,2026-07-15,,Posgrado,Indefinido
366,SIM-00366,Pablo,León Sánchez,Masculino,1977-10-12,2025-04-19,2025-06-02,Universitario,Indefinido
367,SIM-00367,Carolina,Morales Ruiz,Femenino,2003-05-26,2026-06-14,,Técnico,Indefinido
368,SIM-00368,David,Molina Vera,Masculino,1988-10-08,2025-03-25,2025-08-05,Bachillerato,Indefinido
369,SIM-00369,Isabel,Morales Torres,Femenino,1991-06-29,2025-11-16,,Bachillerato,Indefinido
370,SIM-00370,Ana,León Sánchez,Femenino,2002-01-18,2024-11-26,,Técnico,Indefinido
371,SIM-00371,Paola,Zambrano Sánchez,Femenino,1978-06-04,2025-05-02,,Posgrado,Indefinido
372,SIM-00372,Miguel,Zambrano Ortiz,Masculino,1990-11-24,2025-12-16,,Universitario,Indefinido
373,SIM-00373,Diego,López Aguirre,Masculino,1995-02-22,2026-05-10,,Posgrado,Indefinido
374,SIM-00374,Paola,Paredes Vargas,Femenino,1993-02-13,2024-06-19,2025-04-01,Posgrado,Indefinido
375,SIM-00375,Diego,Sánchez Castro,Masculino,1991-05-09,2026-02-15,,Posgrado,Indefinido
376,SIM-00376,Jorge,Vargas Molina,Masculino,2002-03-02,2023-01-15,,Bachillerato,Indefinido
377,SIM-00377,José,Sánchez Aguirre,Masculino,1989-05-01,2025-03-12,,Universitario,Indefinido
378,SIM-00378,Sofía,Zambrano Rojas,Femenino,2000-06-04,2023-03-14,2026-07-12,Técnico,Indefinido
379,SIM-00379,Paola,Paredes León,Femenino,1996-07-25,2024-01-16,2025-03-06,Universitario,Temporal
380,SIM-00380,Pedro,Silva Rojas,Masculino,1983-11-17,2023-06-24,2025-01-29,Técnico,Indefinido
381,SIM-00381,Sofía,Molina Cabrera,Femenino,1982-08-25,2024-07-09,,Posgrado,Indefinido
382,SIM-00382,Lucía,Zambrano Flores,Femenino,2004-02-01,2026-01-18,,Universitario,Indefinido
383,SIM-00383,Carlos,Mendoza Vargas,Masculino,1983-02-05,2026-03-04,,Posgrado,Indefinido
384,SIM-00384,Paola,León López,Femenino,1978-12-17,2023-10-27,,Bachillerato,Indefinido
385,SIM-00385,Valeria,León Cabrera,Femenino,2000-01-31,2025-08-14,,Universitario,Indefinido
386,SIM-00386,Carolina,Sánchez Vera,Femenino,1983-08-29,2026-04-01,,Posgrado,Indefinido
387,SIM-00387,Gabriela,Zambrano Rojas,Femenino,1997-07-04,2023-09-29,2025-05-13,Bachillerato,Indefinido
388,SIM-00388,Pablo,Cabrera Ruiz,Masculino,2000-07-01,2026-03-20,,Técnico,Indefinido
389,SIM-00389,Isabel,Cabrera Zambrano,Femenino,1999-02-22,2023-09-10,,Técnico,Indefinido
390,SIM-00390,Juan,León Paredes,Masculino,1996-01-23,2024-01-18,,Bachillerato,Indefinido
391,SIM-00391,Gabriela,Castro Torres,Femenino,1983-03-11,2025-09-30,,Bachillerato,Indefinido
392,SIM-00392,Juan,Vargas Aguirre,Masculino,1993-03-01,2026-02-10,,Posgrado,Indefinido
393,SIM-00393,Andrea,Molina Zambrano,Femenino,1982-05-19,2023-12-28,,Universitario,Indefinido
394,SIM-00394,Daniela,Cevallos Ruiz,Femenino,2000-12-25,2024-07-27,,Bachillerato,Indefinido
395,SIM-00395,Daniela,Castro Zambrano,Femenino,1999-01-07,2025-06-04,2026-06-14,Posgrado,Indefinido
396,SIM-00396,Ana,López Aguirre,Femenino,1984-03-20,2026-04-15,,Posgrado,Indefinido
397,SIM-00397,Carlos,Ruiz Ruiz,Masculino,1991-02-20,2023-02-13,,Bachillerato,Indefinido
398,SIM-00398,Jorge,Aguirre Mendoza,Masculino,1989-01-21,2024-05-30,,Universitario,Temporal
399,SIM-00399,Carolina,Morales Ruiz,Femenino,2002-10-19,2023-02-13,2023-05-02,Universitario,Indefinido
400,SIM-00400,Diego,Castro Castro,,1986-05-31,2024-06-22,,Técnico,Indefinido
401,SIM-00401,Diego,Cevallos Paredes,Masculino,1994-04-07,2025-12-21,,Posgrado,Indefinido
402,SIM-00402,Daniela,Vera Morales,Femenino,2000-07-21,2024-07-23,,Bachillerato,Indefinido
403,SIM-00403,Paola,León Castro,Femenino,1984-03-09,2023-08-27,2023-12-04,Posgrado,Temporal
404,SIM-00404,Carolina,Vargas Vargas,Femenino,1982-12-16,2024-03-27,,Posgrado,Indefinido
405,SIM-00405,Gabriela,Ortiz Aguirre,Femenino,1993-07-17,2025-12-04,2026-04-29,Bachillerato,Indefinido
406,SIM-00406,Diana,Ruiz Flores,Femenino,1981-06-24,2025-01-16,,Posgrado,Temporal
407,SIM-00407,Jorge,Silva Aguirre,Masculino,1993-03-27,2025-01-15,2025-02-19,Posgrado,Indefinido
408,SIM-00408,Andrea,Vera Ruiz,Femenino,1987-08-29,2024-08-18,,Bachillerato,Indefinido
409,SIM-00409,Pablo,Mendoza Flores,Masculino,1985-07-15,2025-02-13,2025-06-25,Bachillerato,Indefinido
410,SIM-00410,Ana,Ortiz Vargas,Femenino,1999-05-07,2024-10-23,,Universitario,Indefinido
411,SIM-00411,Gabriela,Aguirre Mendoza,Femenino,1979-02-12,2026-05-14,2026-07-17,Universitario,Indefinido
412,SIM-00412,José,Ruiz Morales,Masculino,1981-04-16,2023-07-29,2025-08-23,Bachillerato,Indefinido
413,SIM-00413,Andrea,Molina Rojas,Femenino,1994-07-18,2024-06-07,2024-09-10,Universitario,Indefinido
414,SIM-00414,Carolina,Cevallos Vera,Femenino,1980-05-21,2024-12-10,2025-11-20,Posgrado,Indefinido
415,SIM-00415,María,Molina Sánchez,Femenino,1991-06-26,2025-05-27,2026-04-08,Universitario,Temporal
416,SIM-00416,Sofía,Ruiz Vargas,Femenino,1976-05-31,2024-04-19,2026-02-27,Técnico,Indefinido
417,SIM-00417,Carolina,Vargas Ruiz,Femenino,1977-10-09,2024-11-12,,Técnico,Indefinido
418,SIM-00418,Diana,Ruiz Ruiz,Femenino,2000-07-23,2026-04-21,,Posgrado,Indefinido
419,SIM-00419,Gabriela,Molina Vera,Femenino,1991-04-21,2026-01-10,,Técnico,Indefinido
420,SIM-00420,Carolina,Vera Sánchez,Femenino,1994-09-20,2025-11-15,,Universitario,Indefinido
421,SIM-00421,Lucía,Zambrano Molina,Femenino,2003-05-17,2024-03-27,,Bachillerato,Indefinido
422,SIM-00422,Sofía,Ruiz Torres,Femenino,1981-04-27,2023-03-27,2024-08-20,Universitario,Temporal
423,SIM-00423,Valeria,Vera Cevallos,Femenino,1997-05-21,2025-07-24,2026-06-06,Bachillerato,Indefinido
424,SIM-00424,Diego,Castro Rojas,Masculino,1994-01-06,2024-09-23,2025-06-20,Bachillerato,Indefinido
425,SIM-00425,Andrea,Ortiz Aguirre,Femenino,1992-02-11,2024-10-11,,Universitario,Indefinido
426,SIM-00426,José,Aguirre Molina,Masculino,1979-08-12,2024-11-25,2026-03-20,Universitario,Indefinido
427,SIM-00427,Miguel,Mendoza Vargas,Masculino,1979-01-28,2025-09-28,2026-04-12,Universitario,Indefinido
428,SIM-00428,Paola,Ruiz Mendoza,Femenino,1997-06-28,2023-03-21,,Técnico,Indefinido
429,SIM-00429,Lucía,Mendoza Mendoza,Femenino,1977-10-26,2024-08-18,2026-03-19,Técnico,Indefinido
430,SIM-00430,Pablo,Aguirre Castro,Masculino,1979-06-20,2023-07-16,2023-09-26,Bachillerato,Indefinido
431,SIM-00431,Santiago,Vargas Rojas,Masculino,1984-10-22,2024-01-03,2024-05-18,Bachillerato,Indefinido
432,SIM-00432,Luis,Cabrera Mendoza,Masculino,1991-02-01,2025-07-05,,Técnico,Indefinido
433,SIM-00433,Valeria,Ortiz López,Femenino,1982-07-15,2026-06-27,,Técnico,Temporal
434,SIM-00434,Lucía,López Mendoza,Femenino,1991-01-08,2024-06-30,,Técnico,Temporal
435,SIM-00435,Carolina,Cevallos Aguirre,Femenino,1996-08-07,2024-03-22,,Bachillerato,Indefinido
436,SIM-00436,David,Zambrano Molina,Masculino,1984-02-02,2026-06-22,,Universitario,Indefinido
437,SIM-00437,José,Paredes Cabrera,Masculino,1988-04-09,2025-07-13,,Técnico,Indefinido
438,SIM-00438,Pablo,León León,Masculino,1982-06-30,2025-03-05,,Técnico,Indefinido
439,SIM-00439,Pablo,Aguirre Torres,Masculino,1982-07-21,2025-09-01,,Universitario,Indefinido
440,SIM-00440,Ana,Ortiz Cabrera,Femenino,1985-07-21,2023-06-20,2025-01-09,Posgrado,Indefinido
441,SIM-00441,Diana,Ortiz Rojas,Femenino,2001-03-05,2024-05-21,2025-10-28,Bachillerato,Indefinido
442,SIM-00442,Santiago,Morales Molina,Masculino,1982-02-16,2025-03-18,,Posgrado,Indefinido
443,SIM-00443,Miguel,Mendoza Ortiz,Masculino,1996-05-03,2026-03-12,2026-05-15,Universitario,Indefinido
444,SIM-00444,Daniela,Flores Castro,Femenino,2000-01-13,2025-06-21,2026-07-04,Bachillerato,Temporal
445,SIM-00445,Isabel,Cevallos Paredes,Femenino,1989-02-01,2025-02-18,,Técnico,Temporal
446,SIM-00446,Diego,Morales Molina,Masculino,1981-06-17,2023-07-09,,Bachillerato,Indefinido
447,SIM-00447,Gabriela,Zambrano Rojas,Femenino,1984-06-16,2024-01-25,,Técnico,Indefinido
448,SIM-00448,Paola,Morales Molina,Femenino,1980-10-26,2026-02-14,2026-03-21,Bachillerato,Indefinido
449,SIM-00449,Gabriela,Sánchez Mendoza,Femenino,1977-10-19,2023-09-24,2026-07-29,Universitario,Indefinido
450,SIM-00450,David,Molina Molina,,1996-08-08,2026-02-26,,Universitario,Indefinido
451,SIM-00451,David,Cevallos Rojas,Masculino,1989-06-22,2026-06-03,,Universitario,Indefinido
452,SIM-00452,Gabriela,Morales López,Femenino,1990-01-05,2024-03-31,,Universitario,Indefinido
453,SIM-00453,Paola,León Cabrera,Femenino,1996-04-01,2023-12-03,2024-11-06,Posgrado,Indefinido
454,SIM-00454,David,Mendoza Paredes,Masculino,1977-01-12,2024-08-23,2025-01-04,Técnico,Indefinido
455,SIM-00455,David,Vargas Torres,Masculino,1982-03-27,2023-07-30,2024-08-25,Posgrado,Indefinido
456,SIM-00456,Jorge,Ortiz Cevallos,Masculino,1983-05-30,2024-11-18,,Posgrado,Indefinido
457,SIM-00457,Gabriela,Zambrano Torres,Femenino,1994-11-23,2023-01-06,,Universitario,Indefinido
458,SIM-00458,María,Zambrano Torres,Femenino,1986-12-20,2025-07-01,,Bachillerato,Indefinido
459,SIM-00459,Diana,Zambrano Vargas,Femenino,2000-07-02,2026-01-19,,Universitario,Indefinido
460,SIM-00460,Andrés,Paredes Molina,Masculino,1995-12-15,2024-12-14,2025-05-14,Universitario,Indefinido
461,SIM-00461,Daniela,León Mendoza,Femenino,2004-02-21,2024-10-31,,Técnico,Indefinido
462,SIM-00462,José,Cabrera Molina,Masculino,1994-08-04,2024-08-24,,Posgrado,Indefinido
463,SIM-00463,Gabriela,Ortiz Cabrera,Femenino,1984-09-04,2024-02-18,2026-01-07,Técnico,Indefinido
464,SIM-00464,Andrea,Cevallos Silva,Femenino,1986-08-09,2025-05-21,,Técnico,Indefinido
465,SIM-00465,Diana,Rojas Vera,Femenino,1988-03-30,2025-12-12,,Posgrado,Indefinido
466,SIM-00466,Luis,Mendoza Vargas,Masculino,1980-11-21,2025-07-17,,Posgrado,Indefinido
467,SIM-00467,Paola,Rojas Vera,Femenino,1994-06-29,2026-08-08,,Técnico,Indefinido
468,SIM-00468,Santiago,Aguirre Zambrano,Masculino,1986-04-30,2024-04-28,2026-03-31,Universitario,Indefinido
469,SIM-00469,Juan,León Molina,Masculino,1979-08-29,2023-01-25,2023-06-23,Posgrado,Indefinido
470,SIM-00470,Miguel,Torres Zambrano,Masculino,1983-11-24,2026-02-06,,Técnico,Indefinido
471,SIM-00471,María,Vera Paredes,Femenino,1986-03-31,2024-01-03,2025-07-26,Bachillerato,Temporal
472,SIM-00472,Miguel,León León,Masculino,2000-08-25,2023-07-19,,Técnico,Indefinido
473,SIM-00473,Santiago,Aguirre Vera,Masculino,1999-09-15,2025-09-29,,Técnico,Indefinido
474,SIM-00474,Paola,López Castro,Femenino,1984-12-01,2025-11-29,,Posgrado,Temporal
475,SIM-00475,Diana,López Sánchez,Femenino,1982-08-23,2023-10-11,2026-05-20,Universitario,Indefinido
476,SIM-00476,Gabriela,Paredes Morales,Femenino,1992-07-10,2024-06-13,2025-04-26,Bachillerato,Indefinido
477,SIM-00477,Santiago,Flores Zambrano,Masculino,2004-10-04,2025-07-31,,Posgrado,Indefinido
478,SIM-00478,Miguel,León Vera,Masculino,1985-02-22,2024-10-14,,Posgrado,Indefinido
479,SIM-00479,Juan,Aguirre Molina,Masculino,1981-06-14,2023-08-13,2026-06-10,Bachillerato,Indefinido
480,SIM-00480,Isabel,Zambrano López,Femenino,2002-05-01,2026-08-06,,Bachillerato,Indefinido
481,SIM-00481,Ana,Vargas Paredes,Femenino,2003-01-04,2023-11-27,,Bachillerato,Indefinido
482,SIM-00482,Diana,Cevallos Rojas,Femenino,1985-08-22,2026-02-26,,Posgrado,Indefinido
483,SIM-00483,David,Sánchez Vera,Masculino,2001-10-19,2026-01-08,,Posgrado,Temporal
484,SIM-00484,Miguel,Cabrera Aguirre,Masculino,1981-05-03,2025-02-03,2026-01-05,Técnico,Indefinido
485,SIM-00485,Lucía,López Cevallos,Femenino,2000-09-27,2026-02-19,,Bachillerato,Indefinido
486,SIM-00486,Lucía,Paredes Silva,Femenino,1976-09-11,2023-07-29,,Técnico,Temporal
487,SIM-00487,Andrés,Ruiz Cevallos,Masculino,2004-12-20,2026-04-21,,Bachillerato,Indefinido
488,SIM-00488,María,Zambrano Cevallos,Femenino,2003-06-08,2026-08-07,,Bachillerato,Indefinido
489,SIM-00489,Diego,Torres Sánchez,Masculino,2003-06-16,2026-01-14,,Técnico,Indefinido
490,SIM-00490,José,Cabrera Ruiz,Masculino,1983-02-23,2023-01-13,2025-11-16,Técnico,Indefinido
491,SIM-00491,Daniela,Aguirre Vargas,Femenino,1983-01-20,2025-08-01,,Bachillerato,Indefinido
492,SIM-00492,David,Silva López,Masculino,2001-07-26,2023-01-01,2023-02-05,Bachillerato,Indefinido
493,SIM-00493,Juan,Castro Cevallos,Masculino,1984-09-30,2025-07-18,,Universitario,Indefinido
494,SIM-00494,Carlos,Cevallos López,Masculino,1987-12-11,2024-03-23,2026-03-23,Bachillerato,Indefinido
495,SIM-00495,Ana,Torres Vargas,Femenino,1997-10-04,2024-11-11,2026-05-10,Técnico,Indefinido
496,SIM-00496,Pablo,Castro Aguirre,Masculino,1989-09-28,2023-06-24,,Posgrado,Indefinido
497,SIM-00497,Isabel,Rojas Flores,Femenino,1987-11-11,2025-01-27,,Posgrado,Indefinido
498,SIM-00498,Santiago,Mendoza Molina,Masculino,1993-12-17,2024-04-09,,Bachillerato,Temporal
499,SIM-00499,Sofía,Vargas Ortiz,Femenino,1991-11-02,2026-04-12,,Posgrado,Indefinido
500,SIM-00500,Pedro,Vera Torres,,1993-07-28,2024-01-20,2024-05-30,Técnico,Indefinido
501,SIM-00501,María,Torres Zambrano,Femenino,2003-05-05,2026-01-05,,Técnico,Indefinido
502,SIM-00502,Gabriela,Vargas León,Femenino,1996-08-04,2024-08-25,2025-12-22,Técnico,Indefinido
503,SIM-00503,Pablo,López Morales,Masculino,2003-01-15,2024-03-30,,Universitario,Indefinido
504,SIM-00504,Andrea,Castro López,Femenino,2000-07-27,2026-05-12,,Posgrado,Indefinido
505,SIM-00505,Diana,Sánchez Cabrera,Femenino,1995-07-24,2025-12-15,,Técnico,Indefinido
506,SIM-00506,Isabel,López Aguirre,Femenino,1987-05-14,2025-02-12,,Posgrado,Indefinido
507,SIM-00507,Santiago,Silva Vargas,Masculino,1986-12-30,2023-12-03,2026-02-17,Posgrado,Indefinido
508,SIM-00508,Jorge,Morales Sánchez,Masculino,1992-03-16,2024-08-24,,Universitario,Indefinido
509,SIM-00509,Carolina,Sánchez Mendoza,Femenino,2002-05-27,2025-11-04,,Posgrado,Indefinido
510,SIM-00510,Diana,Morales Vargas,Femenino,1988-08-16,2023-02-02,,Universitario,Indefinido
511,SIM-00511,Daniela,Zambrano Cabrera,Femenino,1987-05-03,2026-01-15,,Universitario,Indefinido
512,SIM-00512,Juan,Ruiz Mendoza,Masculino,1981-05-14,2026-04-04,,Universitario,Indefinido
513,SIM-00513,María,Vargas Zambrano,Femenino,2003-08-23,2024-07-04,,Universitario,Indefinido
514,SIM-00514,Isabel,Aguirre Vargas,Femenino,1977-12-30,2025-11-27,,Bachillerato,Temporal
515,SIM-00515,Diana,Flores Ruiz,Femenino,1997-05-12,2024-06-04,2024-11-05,Universitario,Indefinido
516,SIM-00516,Carlos,Vera León,Masculino,1980-03-08,2026-05-22,,Universitario,Indefinido
517,SIM-00517,Pedro,López Torres,Masculino,1997-04-26,2026-04-12,,Bachillerato,Indefinido
518,SIM-00518,Lucía,Aguirre Ortiz,Femenino,1991-02-16,2025-03-04,,Universitario,Temporal
519,SIM-00519,Ana,Cabrera Paredes,Femenino,1994-04-06,2023-05-15,2024-05-23,Universitario,Indefinido
520,SIM-00520,Miguel,Sánchez Morales,Masculino,1992-11-21,2026-06-17,,Técnico,Indefinido
521,SIM-00521,Andrea,Silva Mendoza,Femenino,1989-08-07,2025-01-05,2026-03-30,Posgrado,Indefinido
522,SIM-00522,Carolina,Flores López,Femenino,1984-08-05,2024-04-02,,Universitario,Indefinido
523,SIM-00523,Diego,Sánchez Mendoza,Masculino,1978-12-06,2023-02-16,,Posgrado,Temporal
524,SIM-00524,Sofía,Ortiz Sánchez,Femenino,1988-11-21,2023-12-24,,Bachillerato,Indefinido
525,SIM-00525,Daniela,López Morales,Femenino,1985-06-25,2024-02-26,2024-12-31,Universitario,Indefinido
526,SIM-00526,Sofía,Morales Silva,Femenino,2001-09-04,2025-11-07,,Técnico,Indefinido
527,SIM-00527,José,Castro Paredes,Masculino,2000-10-02,2025-05-03,2025-09-14,Universitario,Indefinido
528,SIM-00528,Sofía,López Morales,Femenino,2004-10-05,2026-03-16,,Posgrado,Indefinido
529,SIM-00529,Lucía,Molina Paredes,Femenino,1981-07-26,2025-03-31,,Posgrado,Indefinido
530,SIM-00530,María,Ruiz Paredes,Femenino,1990-01-13,2023-01-28,2023-05-15,Posgrado,Indefinido
531,SIM-00531,Daniela,Mendoza Morales,Femenino,1997-06-20,2026-03-07,,Universitario,Temporal
532,SIM-00532,Diego,Ruiz López,Masculino,1976-06-06,2023-09-10,,Técnico,Indefinido
533,SIM-00533,Diana,Sánchez Sánchez,Femenino,1993-04-26,2025-01-31,,Técnico,Indefinido
534,SIM-00534,Santiago,Ruiz Flores,Masculino,1981-02-14,2023-06-23,,Posgrado,Indefinido
535,SIM-00535,Daniela,Mendoza Paredes,Femenino,1992-10-29,2023-11-01,2024-02-28,Técnico,Indefinido
536,SIM-00536,Jorge,Sánchez Ortiz,Masculino,2001-08-23,2023-03-20,2026-07-23,Universitario,Indefinido
537,SIM-00537,Pablo,Mendoza Cevallos,Masculino,1987-11-15,2024-07-20,,Bachillerato,Indefinido
538,SIM-00538,María,López Aguirre,Femenino,1990-11-22,2026-01-14,,Universitario,Indefinido
539,SIM-00539,Sofía,Sánchez Cevallos,Femenino,2003-04-17,2026-07-06,,Universitario,Indefinido
540,SIM-00540,Miguel,Aguirre Ortiz,Masculino,1979-05-23,2023-03-05,,Bachillerato,Indefinido
541,SIM-00541,Ana,Morales Torres,Femenino,1997-08-27,2023-08-28,2023-10-02,Universitario,Indefinido
542,SIM-00542,Diana,Aguirre Flores,Femenino,1985-05-05,2023-03-23,2023-06-23,Bachillerato,Indefinido
543,SIM-00543,María,Mendoza Cevallos,Femenino,1992-03-29,2023-12-16,2026-03-27,Bachillerato,Indefinido
544,SIM-00544,Isabel,López Ortiz,Femenino,1989-01-25,2024-01-28,,Técnico,Indefinido
545,SIM-00545,Daniela,López Ortiz,Femenino,1983-12-23,2024-06-15,2024-09-04,Bachillerato,Indefinido
546,SIM-00546,Andrea,Castro Vargas,Femenino,1991-04-21,2023-04-14,2024-11-17,Técnico,Indefinido
547,SIM-00547,Jorge,Vera Mendoza,Masculino,1980-06-04,2023-01-22,2024-07-30,Universitario,Indefinido
548,SIM-00548,Andrea,León Vargas,Femenino,1985-12-14,2024-11-25,,Posgrado,Indefinido
549,SIM-00549,Carolina,Cabrera Mendoza,Femenino,1976-09-15,2024-05-27,,Bachillerato,Indefinido
550,SIM-00550,Ana,Zambrano Mendoza,,1981-11-01,2025-11-04,,Posgrado,Indefinido
551,SIM-00551,Santiago,León Zambrano,Masculino,2000-06-25,2024-09-07,2024-11-06,Universitario,Indefinido
552,SIM-00552,Ana,Aguirre Ortiz,Femenino,1991-05-06,2025-12-26,,Bachillerato,Indefinido
553,SIM-00553,Isabel,Vera León,Femenino,2001-01-07,2023-05-10,,Bachillerato,Indefinido
554,SIM-00554,Lucía,López Ruiz,Femenino,2000-11-09,2026-03-18,,Posgrado,Indefinido
555,SIM-00555,Diego,Ruiz Paredes,Masculino,2005-07-22,2026-01-24,,Universitario,Indefinido
556,SIM-00556,Paola,Molina Paredes,Femenino,1990-03-27,2024-08-20,,Universitario,Temporal
557,SIM-00557,Sofía,Paredes Cabrera,Femenino,1993-05-25,2024-04-17,,Bachillerato,Indefinido
558,SIM-00558,Luis,Silva Zambrano,Masculino,1981-06-13,2025-10-02,,Posgrado,Temporal
559,SIM-00559,Lucía,Cevallos Paredes,Femenino,1986-05-20,2023-04-24,2024-02-03,Bachillerato,Indefinido
560,SIM-00560,Luis,Mendoza Zambrano,Masculino,1993-03-05,2025-04-30,2025-06-19,Posgrado,Indefinido
561,SIM-00561,Ana,Silva Sánchez,Femenino,1993-07-18,2024-12-22,,Universitario,Indefinido
562,SIM-00562,Valeria,Flores López,Femenino,1990-11-03,2025-05-03,2026-01-18,Posgrado,Indefinido
563,SIM-00563,Valeria,Ruiz Rojas,Femenino,1989-11-08,2024-05-18,,Técnico,Indefinido
564,SIM-00564,Pedro,Flores León,Masculino,1984-04-04,2024-11-05,,Posgrado,Indefinido
565,SIM-00565,Daniela,López Molina,Femenino,1984-04-10,2026-03-15,,Bachillerato,Indefinido
566,SIM-00566,Diego,Morales Mendoza,Masculino,1989-10-11,2023-02-09,,Posgrado,Temporal
567,SIM-00567,David,Aguirre Vera,Masculino,1982-11-27,2023-07-14,,Técnico,Indefinido
568,SIM-00568,Diana,Castro Castro,Femenino,1984-03-10,2025-07-29,2026-02-25,Universitario,Indefinido
569,SIM-00569,Andrés,Morales Ruiz,Masculino,1998-12-27,2024-07-21,,Técnico,Indefinido
570,SIM-00570,Isabel,Morales Torres,Femenino,2003-12-16,2026-07-20,,Técnico,Indefinido
571,SIM-00571,José,Aguirre Cabrera,Masculino,1979-06-02,2024-03-31,,Bachillerato,Indefinido
572,SIM-00572,Diana,León Sánchez,Femenino,1990-11-09,2023-03-11,2025-03-21,Técnico,Temporal
573,SIM-00573,Valeria,Cabrera Vargas,Femenino,1990-09-06,2023-10-26,,Bachillerato,Indefinido
574,SIM-00574,Valeria,Mendoza Rojas,Femenino,1988-10-29,2024-03-01,,Técnico,Indefinido
575,SIM-00575,Carlos,Ruiz Paredes,Masculino,1993-08-18,2026-04-19,,Universitario,Indefinido
576,SIM-00576,María,Ruiz Rojas,Femenino,1977-12-27,2025-02-27,,Universitario,Temporal
577,SIM-00577,Andrés,Ortiz Morales,Masculino,2002-05-14,2025-08-30,,Posgrado,Indefinido
578,SIM-00578,Gabriela,Torres Paredes,Femenino,1979-09-13,2025-10-11,,Técnico,Indefinido
579,SIM-00579,Sofía,Torres León,Femenino,2000-05-12,2023-03-30,,Posgrado,Indefinido
580,SIM-00580,José,López Rojas,Masculino,1991-09-30,2023-12-04,,Universitario,Indefinido
581,SIM-00581,Andrés,Silva Vera,Masculino,1993-08-08,2023-06-11,2024-10-28,Universitario,Temporal
582,SIM-00582,Pablo,Rojas Paredes,Masculino,1979-03-03,2025-03-04,,Bachillerato,Temporal
583,SIM-00583,Carolina,Mendoza Zambrano,Femenino,1998-01-05,2024-02-27,,Técnico,Indefinido
584,SIM-00584,Lucía,Silva Paredes,Femenino,1995-05-29,2025-11-03,2025-12-08,Bachillerato,Indefinido
585,SIM-00585,Santiago,Flores Cabrera,Masculino,1980-05-27,2025-08-20,2026-07-04,Posgrado,Indefinido
586,SIM-00586,Miguel,Silva Castro,Masculino,1997-06-23,2023-08-01,,Universitario,Indefinido
587,SIM-00587,Sofía,Ortiz Rojas,Femenino,1979-05-24,2025-06-04,,Bachillerato,Temporal
588,SIM-00588,Miguel,Mendoza León,Masculino,1999-10-15,2026-01-08,2026-04-08,Bachillerato,Indefinido
589,SIM-00589,Juan,León López,Masculino,1989-10-27,2023-05-27,2026-04-29,Bachillerato,Indefinido
590,SIM-00590,David,Vera Ortiz,Masculino,1983-03-17,2023-05-11,2024-07-18,Bachillerato,Temporal
591,SIM-00591,Diego,Vera Silva,Masculino,1978-05-12,2026-02-14,,Bachillerato,Indefinido
592,SIM-00592,María,Silva López,Femenino,1986-07-19,2026-08-23,,Universitario,Indefinido
593,SIM-00593,Carolina,Zambrano Vera,Femenino,1985-03-14,2025-03-20,2025-07-24,Técnico,Indefinido
594,SIM-00594,Paola,Zambrano Aguirre,Femenino,1982-10-20,2025-09-23,2026-03-12,Técnico,Indefinido
595,SIM-00595,Pablo,Paredes Mendoza,Masculino,2002-08-01,2024-10-06,,Bachillerato,Indefinido
596,SIM-00596,Pedro,Torres Cabrera,Masculino,1990-09-06,2025-01-18,,Universitario,Indefinido
597,SIM-00597,Juan,Aguirre Aguirre,Masculino,1996-12-30,2026-06-30,,Universitario,Indefinido
598,SIM-00598,María,Mendoza Paredes,Femenino,1993-04-02,2026-08-27,,Posgrado,Indefinido
599,SIM-00599,Andrés,Rojas Zambrano,Masculino,1978-07-02,2026-01-29,,Posgrado,Indefinido
600,SIM-00600,Juan,Morales Mendoza,,2003-04-20,2026-07-09,,Técnico,Indefinido
601,SIM-00601,Andrea,Zambrano López,Femenino,1986-09-12,2024-12-04,,Técnico,Indefinido
602,SIM-00602,David,Morales Rojas,Masculino,1987-04-22,2026-07-15,2026-08-19,Posgrado,Indefinido
603,SIM-00603,Valeria,Molina Cabrera,Femenino,1992-06-13,2024-08-21,2026-03-08,Posgrado,Indefinido
604,SIM-00604,Diego,Silva Molina,Masculino,1991-03-16,2023-08-21,2024-04-21,Posgrado,Indefinido
605,SIM-00605,Pablo,León Zambrano,Masculino,1996-08-11,2023-07-20,,Bachillerato,Indefinido
606,SIM-00606,Luis,Ortiz León,Masculino,1991-05-09,2025-03-20,,Posgrado,Indefinido
607,SIM-00607,Pablo,León Silva,Masculino,2001-10-28,2025-02-19,2025-12-30,Universitario,Indefinido
608,SIM-00608,Carolina,Paredes López,Femenino,1995-01-22,2025-12-03,,Bachillerato,Indefinido
609,SIM-00609,Miguel,López Rojas,Masculino,1995-12-30,2024-01-28,,Posgrado,Indefinido
610,SIM-00610,Daniela,Silva Paredes,Femenino,1984-10-21,2024-11-30,,Universitario,Indefinido
611,SIM-00611,Diego,Cabrera Cevallos,Masculino,1989-06-11,2023-06-05,,Posgrado,Indefinido
612,SIM-00612,Carolina,López Cabrera,Femenino,2000-03-30,2024-05-07,,Técnico,Temporal
613,SIM-00613,Andrés,Torres Castro,Masculino,1995-02-01,2023-04-05,2023-12-10,Posgrado,Indefinido
614,SIM-00614,Valeria,Zambrano Sánchez,Femenino,1987-02-13,2026-05-31,,Posgrado,Indefinido
615,SIM-00615,Paola,Aguirre Morales,Femenino,1987-05-21,2025-02-26,2025-09-15,Universitario,Indefinido
616,SIM-00616,Luis,Molina Torres,Masculino,1999-01-29,2024-05-16,,Posgrado,Indefinido
617,SIM-00617,Diego,Morales Rojas,Masculino,1988-08-04,2023-09-16,,Bachillerato,Indefinido
618,SIM-00618,Miguel,Ruiz Zambrano,Masculino,1984-02-09,2025-05-14,2025-10-22,Posgrado,Indefinido
619,SIM-00619,Valeria,Vera Vargas,Femenino,2004-03-10,2025-01-02,,Universitario,Indefinido
620,SIM-00620,Pedro,Silva Morales,Masculino,1991-04-02,2026-04-21,,Universitario,Indefinido
621,SIM-00621,María,Torres Mendoza,Femenino,1981-02-21,2026-06-07,,Posgrado,Indefinido
622,SIM-00622,Daniela,Torres Cevallos,Femenino,1992-05-23,2023-09-07,2025-03-06,Bachillerato,Temporal
623,SIM-00623,Carolina,Torres Ortiz,Femenino,1999-03-07,2026-06-18,2026-08-28,Técnico,Indefinido
624,SIM-00624,Juan,León Morales,Masculino,1984-04-13,2025-01-29,,Técnico,Indefinido
625,SIM-00625,Valeria,León López,Femenino,1987-01-20,2024-01-15,2024-04-26,Técnico,Indefinido
626,SIM-00626,Pedro,Aguirre Torres,Masculino,1977-10-09,2023-03-19,,Técnico,Indefinido
627,SIM-00627,Gabriela,Paredes Zambrano,Femenino,1996-07-19,2025-08-28,2026-03-10,Universitario,Indefinido
628,SIM-00628,Daniela,Zambrano Morales,Femenino,2003-05-14,2025-04-10,,Posgrado,Indefinido
629,SIM-00629,Diego,Ortiz Cevallos,Masculino,1991-09-02,2025-08-22,,Posgrado,Indefinido
630,SIM-00630,Diana,Aguirre Mendoza,Femenino,1987-05-04,2024-02-11,,Universitario,Indefinido
631,SIM-00631,José,Cabrera Mendoza,Masculino,1991-03-03,2024-07-03,,Universitario,Indefinido
632,SIM-00632,Carolina,Vera López,Femenino,1998-04-29,2023-01-05,2023-07-19,Técnico,Indefinido
633,SIM-00633,Luis,Vargas Morales,Masculino,1995-07-23,2023-03-09,2023-06-08,Posgrado,Indefinido
634,SIM-00634,Pablo,Ruiz Sánchez,Masculino,1989-02-02,2026-02-22,,Técnico,Indefinido
635,SIM-00635,Gabriela,López Torres,Femenino,1993-02-22,2023-09-16,2024-05-04,Técnico,Indefinido
636,SIM-00636,Sofía,Cabrera Cabrera,Femenino,1987-04-15,2025-04-11,2026-05-27,Posgrado,Indefinido
637,SIM-00637,Sofía,León Ruiz,Femenino,1988-08-06,2025-02-14,,Técnico,Indefinido
638,SIM-00638,Pablo,Silva Rojas,Masculino,1987-10-04,2023-12-02,,Técnico,Indefinido
639,SIM-00639,Gabriela,Vera Silva,Femenino,1997-01-30,2025-03-24,,Técnico,Indefinido
640,SIM-00640,Miguel,Molina Zambrano,Masculino,1996-10-02,2025-03-30,,Bachillerato,Indefinido
641,SIM-00641,Carlos,León Cabrera,Masculino,2004-01-25,2026-04-14,,Técnico,Indefinido
642,SIM-00642,Ana,Cabrera Molina,Femenino,2002-02-16,2025-12-08,,Universitario,Temporal
643,SIM-00643,Santiago,Zambrano Cabrera,Masculino,1996-02-28,2023-09-13,2026-02-05,Bachillerato,Indefinido
644,SIM-00644,David,Aguirre Cabrera,Masculino,1989-03-12,2025-06-29,2026-01-11,Universitario,Indefinido
645,SIM-00645,Pedro,Zambrano Morales,Masculino,1976-03-05,2023-10-21,,Bachillerato,Indefinido
646,SIM-00646,Luis,Rojas Silva,Masculino,1991-02-24,2024-05-01,,Técnico,Indefinido
647,SIM-00647,Santiago,Ortiz Silva,Masculino,1978-05-27,2024-03-01,,Universitario,Temporal
648,SIM-00648,Pedro,Mendoza Flores,Masculino,1976-04-20,2023-05-27,,Bachillerato,Indefinido
649,SIM-00649,Luis,Cabrera López,Masculino,1993-12-06,2023-12-26,,Bachillerato,Indefinido
650,SIM-00650,Diana,Paredes Flores,,1993-07-20,2025-04-01,,Universitario,Indefinido
651,SIM-00651,Carlos,Cabrera Aguirre,Masculino,1996-09-27,2023-05-15,,Posgrado,Indefinido
652,SIM-00652,Ana,Paredes Zambrano,Femenino,1982-01-09,2024-09-30,2026-05-11,Posgrado,Temporal
653,SIM-00653,Carolina,Ruiz Morales,Femenino,1986-08-13,2025-01-24,2026-03-29,Posgrado,Indefinido
654,SIM-00654,Carlos,Ruiz Mendoza,Masculino,1990-11-04,2025-11-07,,Universitario,Indefinido
655,SIM-00655,Sofía,Zambrano Cabrera,Femenino,1989-11-14,2024-03-28,2024-06-26,Bachillerato,Indefinido
656,SIM-00656,Paola,López Silva,Femenino,1990-11-02,2024-03-09,,Posgrado,Indefinido
657,SIM-00657,Ana,López Torres,Femenino,2003-10-24,2026-02-10,2026-05-16,Bachillerato,Indefinido
658,SIM-00658,Pedro,Zambrano Aguirre,Masculino,1999-09-22,2023-01-19,2024-12-04,Bachillerato,Indefinido
659,SIM-00659,Sofía,Morales Sánchez,Femenino,2001-10-04,2026-04-03,,Universitario,Indefinido
660,SIM-00660,Daniela,Vargas Rojas,Femenino,2003-12-15,2024-07-11,2025-03-20,Posgrado,Indefinido
661,SIM-00661,Carlos,Ortiz Torres,Masculino,2004-03-18,2024-05-23,2025-05-01,Bachillerato,Indefinido
662,SIM-00662,Sofía,León Rojas,Femenino,1986-06-10,2025-07-13,,Posgrado,Temporal
663,SIM-00663,Paola,Vera Cevallos,Femenino,1999-04-19,2026-04-17,2026-07-05,Posgrado,Indefinido
664,SIM-00664,Valeria,Paredes Torres,Femenino,1990-05-03,2025-03-06,2026-08-25,Técnico,Indefinido
665,SIM-00665,Carlos,Ruiz Rojas,Masculino,1978-07-25,2024-04-27,,Bachillerato,Indefinido
666,SIM-00666,Sofía,Ortiz Silva,Femenino,2004-12-30,2026-07-24,,Universitario,Indefinido
667,SIM-00667,José,Sánchez León,Masculino,2003-06-09,2025-01-08,,Bachillerato,Indefinido
668,SIM-00668,Paola,Mendoza León,Femenino,1998-08-03,2023-02-13,2025-02-20,Posgrado,Indefinido
669,SIM-00669,Andrea,Mendoza Paredes,Femenino,2002-05-04,2026-04-27,2026-08-14,Posgrado,Indefinido
670,SIM-00670,Pedro,Ortiz León,Masculino,1993-04-08,2024-07-02,2025-04-20,Universitario,Indefinido
671,SIM-00671,Lucía,Morales Flores,Femenino,2002-03-11,2025-08-13,,Universitario,Indefinido
672,SIM-00672,Andrés,Vera Cevallos,Masculino,2003-05-20,2025-10-11,,Bachillerato,Indefinido
673,SIM-00673,Jorge,Aguirre Cabrera,Masculino,1991-08-21,2024-08-14,,Universitario,Temporal
674,SIM-00674,Santiago,Sánchez Mendoza,Masculino,1986-04-08,2025-03-10,,Técnico,Indefinido
675,SIM-00675,María,Cabrera Ruiz,Femenino,1988-08-01,2025-10-11,,Técnico,Indefinido
676,SIM-00676,Carolina,Vargas León,Femenino,1980-09-23,2025-07-06,,Bachillerato,Temporal
677,SIM-00677,Lucía,Zambrano Mendoza,Femenino,2000-10-15,2026-05-03,,Técnico,Indefinido
678,SIM-00678,Sofía,Aguirre Vargas,Femenino,1999-03-01,2023-12-06,,Universitario,Indefinido
679,SIM-00679,Pedro,Paredes Paredes,Masculino,1991-12-07,2025-11-24,,Técnico,Temporal
680,SIM-00680,Valeria,Silva Rojas,Femenino,2000-09-08,2025-11-13,,Universitario,Indefinido
681,SIM-00681,Pablo,Zambrano Zambrano,Masculino,1996-12-29,2023-05-16,2024-10-02,Universitario,Temporal
682,SIM-00682,Miguel,Aguirre Flores,Masculino,1988-01-29,2026-08-17,,Posgrado,Indefinido
683,SIM-00683,Isabel,López Cabrera,Femenino,1981-06-28,2025-11-24,,Posgrado,Indefinido
684,SIM-00684,Carlos,Cabrera Flores,Masculino,1990-04-16,2026-06-22,,Bachillerato,Indefinido
685,SIM-00685,Luis,Zambrano Flores,Masculino,1986-07-06,2026-04-21,,Técnico,Temporal
686,SIM-00686,José,Vargas Mendoza,Masculino,2002-07-01,2023-08-03,2024-06-07,Técnico,Indefinido
687,SIM-00687,Sofía,Paredes Ruiz,Femenino,2002-11-11,2025-09-12,2025-12-20,Universitario,Temporal
688,SIM-00688,Andrea,Molina Cabrera,Femenino,1995-06-25,2025-05-01,2025-09-13,Posgrado,Indefinido
689,SIM-00689,Carlos,Sánchez Vargas,Masculino,1995-03-22,2024-10-22,2024-12-18,Bachillerato,Indefinido
690,SIM-00690,Juan,Castro León,Masculino,1987-02-07,2023-01-03,2023-05-15,Bachillerato,Indefinido
691,SIM-00691,Andrés,Paredes Vargas,Masculino,2003-05-26,2025-08-27,,Bachillerato,Indefinido
692,SIM-00692,Lucía,Morales Rojas,Femenino,1983-07-29,2025-11-25,,Técnico,Indefinido
693,SIM-00693,Diego,Cevallos Flores,Masculino,2004-10-17,2026-04-11,,Posgrado,Temporal
694,SIM-00694,Pedro,López Rojas,Masculino,1989-12-30,2023-02-27,2023-07-30,Bachillerato,Indefinido
695,SIM-00695,Diana,Ortiz Zambrano,Femenino,1979-11-22,2025-08-20,,Universitario,Indefinido
696,SIM-00696,Pedro,Ortiz Silva,Masculino,1982-07-28,2023-06-01,2023-11-26,Universitario,Temporal
697,SIM-00697,Lucía,Morales Silva,Femenino,2002-12-16,2023-07-07,2024-01-26,Bachillerato,Indefinido
698,SIM-00698,Valeria,Mendoza León,Femenino,1988-03-09,2024-11-05,,Técnico,Temporal
699,SIM-00699,Gabriela,Zambrano Rojas,Femenino,1979-04-12,2024-04-21,,Técnico,Indefinido
700,SIM-00700,Lucía,Ortiz Flores,,2005-04-04,2026-04-03,2026-06-18,Posgrado,Indefinido
701,SIM-00701,Pablo,Torres Zambrano,Masculino,1979-12-10,2024-10-20,2026-07-08,Posgrado,Indefinido
702,SIM-00702,Ana,León Torres,Femenino,1982-10-29,2025-03-03,2026-03-09,Bachillerato,Indefinido
703,SIM-00703,Diana,Castro Torres,Femenino,1996-07-15,2026-06-15,,Posgrado,Temporal
704,SIM-00704,Andrés,Vera Morales,Masculino,2002-07-09,2024-04-05,,Universitario,Indefinido
705,SIM-00705,Sofía,León Castro,Femenino,1990-10-12,2025-07-21,,Universitario,Indefinido
706,SIM-00706,Luis,López Cevallos,Masculino,1978-10-15,2025-07-03,,Universitario,Temporal
707,SIM-00707,Miguel,Vera Morales,Masculino,1980-11-13,2023-01-31,2025-02-01,Universitario,Indefinido
708,SIM-00708,Gabriela,Vargas Flores,Femenino,1978-11-03,2023-01-29,,Técnico,Indefinido
709,SIM-00709,Diego,Aguirre Molina,Masculino,1997-04-29,2025-03-01,,Técnico,Indefinido
710,SIM-00710,Isabel,Mendoza Ortiz,Femenino,1998-04-14,2026-05-06,,Posgrado,Indefinido
711,SIM-00711,Gabriela,Morales Vargas,Femenino,1983-06-20,2024-08-02,,Posgrado,Indefinido
712,SIM-00712,Jorge,Ortiz Mendoza,Masculino,1978-08-11,2023-03-09,2024-07-19,Técnico,Temporal
713,SIM-00713,Juan,Molina Cevallos,Masculino,1986-04-14,2024-08-13,,Posgrado,Temporal
714,SIM-00714,Diana,León López,Femenino,1984-08-19,2026-05-18,,Posgrado,Indefinido
715,SIM-00715,Lucía,Vargas Ortiz,Femenino,1990-03-29,2026-08-29,,Bachillerato,Indefinido
716,SIM-00716,Andrés,Sánchez Vargas,Masculino,1989-10-13,2023-01-04,2025-08-09,Bachillerato,Indefinido
717,SIM-00717,Pablo,López Aguirre,Masculino,1992-03-22,2023-01-11,2026-03-12,Universitario,Indefinido
718,SIM-00718,Carlos,Cevallos Silva,Masculino,1981-08-17,2025-12-21,,Posgrado,Indefinido
719,SIM-00719,Ana,López Castro,Femenino,1997-03-18,2026-03-16,,Técnico,Indefinido
720,SIM-00720,Miguel,Rojas Molina,Masculino,1989-04-02,2023-06-20,2023-07-25,Universitario,Indefinido
721,SIM-00721,Valeria,Torres Sánchez,Femenino,1997-07-26,2024-02-09,2025-06-18,Técnico,Indefinido
722,SIM-00722,Diego,Cevallos Flores,Masculino,1987-05-06,2025-10-17,,Técnico,Indefinido
723,SIM-00723,Lucía,Ortiz Aguirre,Femenino,1988-04-10,2023-01-16,2026-04-12,Universitario,Indefinido
724,SIM-00724,Pablo,Cabrera León,Masculino,1993-01-12,2026-03-10,2026-07-16,Posgrado,Indefinido
725,SIM-00725,José,López Vargas,Masculino,1986-07-31,2024-10-20,,Posgrado,Indefinido
726,SIM-00726,José,Vera Ortiz,Masculino,1990-12-07,2025-09-26,2026-05-01,Posgrado,Indefinido
727,SIM-00727,Juan,León Zambrano,Masculino,1989-08-26,2024-12-05,2026-02-22,Técnico,Indefinido
728,SIM-00728,Carolina,López Ruiz,Femenino,1984-04-21,2026-03-22,,Posgrado,Indefinido
729,SIM-00729,Luis,Vargas León,Masculino,1998-09-29,2025-02-26,2025-11-26,Técnico,Indefinido
730,SIM-00730,Lucía,Vera Torres,Femenino,1981-02-10,2024-04-07,2024-05-25,Universitario,Temporal
731,SIM-00731,Gabriela,Aguirre Aguirre,Femenino,1981-03-09,2023-04-28,2023-06-02,Universitario,Indefinido
732,SIM-00732,David,Molina Cevallos,Masculino,2001-08-08,2024-12-25,,Técnico,Indefinido
733,SIM-00733,Carlos,Rojas Molina,Masculino,1981-06-05,2023-04-11,,Técnico,Indefinido
734,SIM-00734,Daniela,Ortiz Morales,Femenino,2000-02-02,2024-03-15,2026-01-02,Universitario,Indefinido
735,SIM-00735,Santiago,Mendoza Ortiz,Masculino,1985-11-28,2023-07-20,,Bachillerato,Indefinido
736,SIM-00736,Carlos,Morales Ruiz,Masculino,1993-09-30,2026-07-11,,Técnico,Temporal
737,SIM-00737,Pablo,Rojas Castro,Masculino,1993-08-14,2024-09-13,2024-10-18,Técnico,Indefinido
738,SIM-00738,Luis,Morales Silva,Masculino,1999-08-10,2026-07-04,,Universitario,Indefinido
739,SIM-00739,Andrés,Flores León,Masculino,1989-09-19,2026-05-12,,Posgrado,Indefinido
740,SIM-00740,Lucía,Silva Silva,Femenino,1989-04-23,2025-10-08,,Técnico,Temporal
741,SIM-00741,Pedro,Vera Cabrera,Masculino,1997-11-17,2023-04-01,2024-09-13,Bachillerato,Indefinido
742,SIM-00742,Sofía,Mendoza Mendoza,Femenino,1997-10-14,2025-04-30,,Posgrado,Indefinido
743,SIM-00743,Santiago,Aguirre Aguirre,Masculino,1997-08-05,2025-10-28,,Posgrado,Indefinido
744,SIM-00744,Paola,Morales Castro,Femenino,2002-07-04,2023-08-10,2025-03-15,Universitario,Indefinido
745,SIM-00745,Pablo,Silva Flores,Masculino,2001-04-21,2026-06-01,,Universitario,Temporal
746,SIM-00746,Lucía,Flores Molina,Femenino,1979-04-03,2025-08-11,,Posgrado,Indefinido
747,SIM-00747,Valeria,Zambrano Aguirre,Femenino,1983-04-27,2024-06-07,,Técnico,Indefinido
748,SIM-00748,Gabriela,Cevallos Morales,Femenino,1996-06-06,2025-06-29,2025-08-03,Técnico,Indefinido
749,SIM-00749,Pablo,Paredes Ortiz,Masculino,1980-12-05,2024-12-13,,Bachillerato,Indefinido
750,SIM-00750,Pedro,Cevallos Aguirre,,2004-04-18,2024-09-05,,Técnico,Indefinido
751,SIM-00751,Diego,Flores Zambrano,Masculino,2004-12-19,2025-12-29,2026-02-02,Posgrado,Indefinido
752,SIM-00752,David,Vera Cabrera,Masculino,1983-01-03,2026-07-08,,Posgrado,Temporal
753,SIM-00753,Pedro,León Ruiz,Masculino,1981-03-05,2025-05-13,,Universitario,Indefinido
754,SIM-00754,Santiago,Ortiz Torres,Masculino,1990-01-21,2026-08-03,,Universitario,Indefinido
755,SIM-00755,Santiago,Ortiz León,Masculino,2003-12-05,2024-09-14,2025-05-18,Posgrado,Indefinido
756,SIM-00756,Luis,Flores Aguirre,Masculino,2001-09-13,2023-10-23,,Posgrado,Indefinido
757,SIM-00757,Andrés,Ortiz Aguirre,Masculino,2005-01-17,2025-11-09,,Posgrado,Indefinido
758,SIM-00758,Valeria,Torres Sánchez,Femenino,1985-03-12,2026-03-22,,Bachillerato,Temporal
759,SIM-00759,Lucía,Cevallos Zambrano,Femenino,2001-03-02,2024-01-01,2024-12-04,Técnico,Temporal
760,SIM-00760,Valeria,Paredes Cabrera,Femenino,1992-09-24,2024-10-07,,Universitario,Indefinido
761,SIM-00761,Luis,Aguirre Zambrano,Masculino,1988-02-14,2026-08-05,,Técnico,Indefinido
762,SIM-00762,Gabriela,Molina Torres,Femenino,1990-09-04,2025-09-13,,Técnico,Indefinido
763,SIM-00763,Carlos,Zambrano Castro,Masculino,1978-07-12,2026-04-29,,Universitario,Indefinido
764,SIM-00764,David,Cabrera Ruiz,Masculino,1986-08-07,2025-10-24,,Universitario,Indefinido
765,SIM-00765,Valeria,López Zambrano,Femenino,1992-07-02,2023-02-21,2024-06-06,Posgrado,Indefinido
766,SIM-00766,Luis,Morales Ortiz,Masculino,1986-05-21,2025-09-30,,Universitario,Indefinido
767,SIM-00767,Pablo,Ortiz López,Masculino,2002-05-16,2023-11-28,,Técnico,Indefinido
768,SIM-00768,Andrés,Sánchez Silva,Masculino,1984-06-25,2023-05-17,2024-08-29,Técnico,Indefinido
769,SIM-00769,Andrea,Rojas Silva,Femenino,1991-06-29,2026-03-15,,Posgrado,Indefinido
770,SIM-00770,Lucía,Silva Torres,Femenino,1992-01-25,2026-04-16,,Posgrado,Indefinido
771,SIM-00771,Ana,Cevallos Cevallos,Femenino,2004-01-04,2025-03-18,,Técnico,Indefinido
772,SIM-00772,Diego,Zambrano Vargas,Masculino,1977-09-26,2023-01-21,2023-04-14,Universitario,Temporal
773,SIM-00773,Jorge,Paredes Ortiz,Masculino,2001-03-12,2025-10-22,,Universitario,Indefinido
774,SIM-00774,Gabriela,Zambrano Castro,Femenino,1978-08-05,2026-05-23,,Posgrado,Indefinido
775,SIM-00775,Luis,Torres Morales,Masculino,1978-10-11,2023-05-06,2024-02-22,Bachillerato,Temporal
776,SIM-00776,Diego,Aguirre Rojas,Masculino,1993-12-22,2025-08-21,,Técnico,Indefinido
777,SIM-00777,Sofía,Ortiz Castro,Femenino,1985-01-04,2026-07-04,,Universitario,Indefinido
778,SIM-00778,Jorge,Torres López,Masculino,2004-03-18,2025-01-29,,Universitario,Indefinido
779,SIM-00779,Isabel,Vargas Ruiz,Femenino,1993-09-20,2025-08-05,,Bachillerato,Temporal
780,SIM-00780,Sofía,Ortiz Vera,Femenino,1979-03-03,2023-05-20,2026-03-17,Posgrado,Indefinido
781,SIM-00781,Valeria,Cabrera Ortiz,Femenino,1985-09-06,2025-05-07,,Universitario,Indefinido
782,SIM-00782,Sofía,Ortiz Paredes,Femenino,2003-03-30,2024-02-06,2026-08-24,Técnico,Temporal
783,SIM-00783,David,Paredes Sánchez,Masculino,2002-09-14,2025-03-15,2025-12-05,Bachillerato,Indefinido
784,SIM-00784,Juan,Cabrera Ruiz,Masculino,1979-12-31,2024-01-12,2025-10-26,Bachillerato,Temporal
785,SIM-00785,Lucía,López Molina,Femenino,1978-04-19,2024-01-11,2025-10-05,Universitario,Indefinido
786,SIM-00786,Paola,Ruiz Vargas,Femenino,1986-08-07,2023-10-23,2024-03-07,Bachillerato,Indefinido
787,SIM-00787,Miguel,Silva Aguirre,Masculino,1992-06-27,2023-02-16,2023-09-10,Bachillerato,Indefinido
788,SIM-00788,María,Rojas Zambrano,Femenino,1980-11-30,2024-08-07,2026-01-21,Universitario,Indefinido
789,SIM-00789,Isabel,Paredes León,Femenino,1989-10-22,2026-04-16,,Técnico,Indefinido
790,SIM-00790,Miguel,Mendoza Castro,Masculino,1992-07-21,2024-10-08,2025-04-01,Técnico,Indefinido
791,SIM-00791,Ana,López Mendoza,Femenino,1983-07-05,2026-02-07,,Universitario,Indefinido
792,SIM-00792,Gabriela,Morales León,Femenino,1989-03-16,2023-02-08,2024-11-29,Universitario,Indefinido
793,SIM-00793,Andrea,Cabrera Cevallos,Femenino,1991-10-22,2026-04-19,,Posgrado,Indefinido
794,SIM-00794,José,Morales Rojas,Masculino,1994-09-24,2026-04-16,2026-07-14,Técnico,Indefinido
795,SIM-00795,Gabriela,Silva Flores,Femenino,1992-12-17,2026-01-22,,Bachillerato,Indefinido
796,SIM-00796,Pablo,López Molina,Masculino,1981-01-02,2025-05-23,2026-03-13,Posgrado,Indefinido
797,SIM-00797,Gabriela,León López,Femenino,1987-06-22,2023-07-15,2023-09-12,Posgrado,Indefinido
798,SIM-00798,Daniela,Morales Zambrano,Femenino,1991-08-12,2023-11-13,2024-02-17,Bachillerato,Indefinido
799,SIM-00799,Sofía,Ruiz Ortiz,Femenino,1989-11-11,2024-10-25,2024-11-30,Posgrado,Indefinido
800,SIM-00800,Diego,Ortiz Morales,,1999-05-24,2025-06-03,,Bachillerato,Indefinido
801,SIM-00801,Carolina,Ruiz Ruiz,Femenino,2003-12-23,2024-03-20,2026-01-24,Posgrado,Indefinido
802,SIM-00802,Daniela,Torres Molina,Femenino,1978-05-29,2023-01-25,2023-06-20,Universitario,Indefinido
803,SIM-00803,Carlos,Torres Aguirre,Masculino,1992-01-28,2024-06-02,,Posgrado,Indefinido
804,SIM-00804,Pedro,Rojas Ortiz,Masculino,1996-05-15,2026-08-06,,Técnico,Indefinido
805,SIM-00805,Carolina,Ruiz Morales,Femenino,2000-12-13,2024-02-02,,Posgrado,Indefinido
806,SIM-00806,Jorge,Ruiz Zambrano,Masculino,1987-05-30,2024-09-19,,Bachillerato,Indefinido
807,SIM-00807,Miguel,Castro Torres,Masculino,1983-08-31,2023-07-16,,Universitario,Temporal
808,SIM-00808,José,Torres Molina,Masculino,1986-09-29,2025-07-10,,Bachillerato,Indefinido
809,SIM-00809,Carolina,Flores Ruiz,Femenino,1987-05-18,2024-02-28,2026-04-01,Posgrado,Temporal
810,SIM-00810,Lucía,Mendoza Zambrano,Femenino,1985-10-04,2023-05-01,2023-08-23,Posgrado,Indefinido
811,SIM-00811,Sofía,Paredes Ortiz,Femenino,2000-06-25,2026-02-06,2026-05-07,Bachillerato,Indefinido
812,SIM-00812,Carolina,Aguirre Ruiz,Femenino,1983-04-03,2023-04-04,,Posgrado,Indefinido
813,SIM-00813,Lucía,Castro Ruiz,Femenino,1988-06-04,2025-06-07,,Universitario,Indefinido
814,SIM-00814,Miguel,Sánchez Vargas,Masculino,1995-02-21,2026-07-05,,Técnico,Indefinido
815,SIM-00815,Andrés,López Flores,Masculino,1987-03-16,2026-03-15,,Posgrado,Temporal
816,SIM-00816,Carolina,Torres Paredes,Femenino,1983-03-03,2023-11-17,,Técnico,Indefinido
817,SIM-00817,Pablo,Silva Mendoza,Masculino,1992-05-31,2026-01-16,,Universitario,Indefinido
818,SIM-00818,Paola,Torres Mendoza,Femenino,1985-07-11,2024-12-24,2025-03-22,Bachillerato,Temporal
819,SIM-00819,Ana,Paredes Silva,Femenino,1997-06-24,2026-04-26,,Posgrado,Temporal
820,SIM-00820,Santiago,León López,Masculino,1983-11-02,2024-06-18,2025-07-23,Bachillerato,Indefinido
821,SIM-00821,Carolina,Ortiz Cevallos,Femenino,1979-08-30,2023-07-01,,Universitario,Indefinido
822,SIM-00822,Lucía,Aguirre López,Femenino,1977-06-18,2024-09-07,,Bachillerato,Indefinido
823,SIM-00823,Paola,Vargas Castro,Femenino,1981-11-30,2023-12-07,,Bachillerato,Indefinido
824,SIM-00824,María,Cevallos Cevallos,Femenino,1994-09-08,2023-02-06,,Posgrado,Temporal
825,SIM-00825,Luis,Rojas Rojas,Masculino,1994-12-04,2025-07-15,,Posgrado,Indefinido
826,SIM-00826,Jorge,Flores Mendoza,Masculino,1983-03-25,2023-07-29,2025-10-26,Bachillerato,Indefinido
827,SIM-00827,Paola,Ortiz Torres,Femenino,1995-06-20,2024-07-08,,Bachillerato,Indefinido
828,SIM-00828,Diego,Silva Mendoza,Masculino,1991-06-29,2025-05-31,2026-01-10,Bachillerato,Indefinido
829,SIM-00829,José,Torres Rojas,Masculino,1978-02-26,2023-06-05,,Técnico,Indefinido
830,SIM-00830,Pedro,Rojas Castro,Masculino,1998-05-07,2025-02-21,,Posgrado,Indefinido
831,SIM-00831,Diego,Silva Silva,Masculino,1993-06-01,2026-04-02,,Técnico,Indefinido
832,SIM-00832,Valeria,Rojas Cevallos,Femenino,1989-11-16,2025-08-27,,Posgrado,Indefinido
833,SIM-00833,Carolina,Vera Sánchez,Femenino,2000-07-29,2024-01-09,,Técnico,Indefinido
834,SIM-00834,Sofía,Morales Morales,Femenino,2003-06-02,2025-04-25,2025-10-25,Bachillerato,Indefinido
835,SIM-00835,Jorge,Ruiz Vera,Masculino,1997-11-13,2024-09-25,2024-10-30,Bachillerato,Indefinido
836,SIM-00836,Sofía,Castro Cabrera,Femenino,1990-09-17,2023-05-15,,Universitario,Indefinido
837,SIM-00837,Miguel,Castro Vargas,Masculino,1981-10-04,2025-06-24,,Técnico,Temporal
838,SIM-00838,Diana,León Ortiz,Femenino,1988-10-18,2023-01-17,,Universitario,Indefinido
839,SIM-00839,Gabriela,Molina Cevallos,Femenino,2001-05-07,2023-10-01,2023-11-17,Posgrado,Indefinido
840,SIM-00840,Isabel,Cabrera León,Femenino,1994-06-12,2023-12-15,,Técnico,Indefinido
841,SIM-00841,María,Molina Rojas,Femenino,1980-03-09,2024-09-03,2024-10-31,Posgrado,Indefinido
842,SIM-00842,Lucía,Torres Torres,Femenino,2002-05-25,2023-09-18,2024-10-17,Posgrado,Indefinido
843,SIM-00843,Isabel,Cevallos Paredes,Femenino,1988-03-03,2024-10-31,,Técnico,Indefinido
844,SIM-00844,Carolina,Ruiz Ortiz,Femenino,1977-08-22,2024-12-14,,Universitario,Indefinido
845,SIM-00845,Sofía,Cabrera Ruiz,Femenino,1978-09-09,2026-02-24,,Universitario,Indefinido
846,SIM-00846,Ana,Ruiz Silva,Femenino,1982-05-05,2024-05-24,,Bachillerato,Indefinido
847,SIM-00847,Lucía,Vera León,Femenino,2001-11-08,2025-10-22,,Posgrado,Indefinido
848,SIM-00848,Isabel,Castro Vera,Femenino,2001-01-15,2024-06-02,,Posgrado,Indefinido
849,SIM-00849,Sofía,Rojas Cabrera,Femenino,1981-02-12,2023-05-21,,Bachillerato,Indefinido
850,SIM-00850,Gabriela,Morales Castro,,1979-09-04,2024-10-13,,Universitario,Indefinido
851,SIM-00851,Lucía,Vera Molina,Femenino,1993-04-16,2025-01-07,,Posgrado,Indefinido
852,SIM-00852,José,Rojas Zambrano,Masculino,1981-09-25,2023-04-10,2025-08-11,Técnico,Indefinido
853,SIM-00853,Andrés,Morales Castro,Masculino,2001-02-09,2023-01-07,2025-06-06,Bachillerato,Temporal
854,SIM-00854,Andrea,León Flores,Femenino,1977-02-23,2023-07-26,2025-03-04,Universitario,Indefinido
855,SIM-00855,David,Vera Vera,Masculino,1983-12-02,2023-10-14,2024-06-19,Posgrado,Indefinido
856,SIM-00856,Jorge,Torres Zambrano,Masculino,2005-11-06,2026-07-09,,Posgrado,Indefinido
857,SIM-00857,María,Cevallos Vargas,Femenino,2004-11-28,2025-04-22,,Técnico,Indefinido
858,SIM-00858,Pedro,Torres Rojas,Masculino,1997-03-29,2023-04-20,,Técnico,Indefinido
859,SIM-00859,Gabriela,López Ruiz,Femenino,2004-05-18,2025-08-06,2025-09-21,Técnico,Indefinido
860,SIM-00860,Jorge,Cabrera Paredes,Masculino,2004-07-29,2024-11-23,,Técnico,Indefinido
861,SIM-00861,Ana,Torres Vera,Femenino,1981-04-21,2026-03-25,,Posgrado,Indefinido
862,SIM-00862,Andrés,Sánchez Aguirre,Masculino,1996-01-12,2023-08-30,2026-08-17,Bachillerato,Temporal
863,SIM-00863,María,Zambrano Ruiz,Femenino,1992-12-06,2026-01-26,,Bachillerato,Indefinido
864,SIM-00864,Paola,León Rojas,Femenino,1981-04-12,2023-09-15,2025-04-10,Bachillerato,Indefinido
865,SIM-00865,María,Cevallos Vera,Femenino,1987-08-03,2023-06-18,2023-10-25,Bachillerato,Indefinido
866,SIM-00866,Jorge,Mendoza Castro,Masculino,2005-07-21,2025-10-10,2026-02-26,Universitario,Temporal
867,SIM-00867,Andrés,Silva Rojas,Masculino,1979-03-20,2023-12-18,2024-05-10,Bachillerato,Indefinido
868,SIM-00868,Isabel,Flores Castro,Femenino,2002-11-10,2025-09-22,2026-03-25,Bachillerato,Indefinido
869,SIM-00869,Lucía,Mendoza López,Femenino,1984-09-27,2023-06-08,2025-07-08,Bachillerato,Indefinido
870,SIM-00870,David,Rojas Vera,Masculino,1979-05-02,2024-09-09,2026-04-07,Posgrado,Indefinido
871,SIM-00871,David,Silva Mendoza,Masculino,1985-06-12,2025-04-22,,Universitario,Indefinido
872,SIM-00872,Miguel,Sánchez López,Masculino,1988-04-14,2023-07-13,,Bachillerato,Indefinido
873,SIM-00873,Pablo,Flores Zambrano,Masculino,1981-03-13,2026-07-17,,Posgrado,Indefinido
874,SIM-00874,Ana,Ruiz Paredes,Femenino,1977-03-01,2023-10-04,,Bachillerato,Indefinido
875,SIM-00875,David,León Torres,Masculino,1994-04-20,2023-12-25,2024-04-22,Posgrado,Indefinido
876,SIM-00876,Lucía,Mendoza León,Femenino,1987-08-19,2026-08-02,,Bachillerato,Indefinido
877,SIM-00877,José,Zambrano Ortiz,Masculino,2003-10-10,2025-07-31,,Técnico,Indefinido
878,SIM-00878,Ana,López Molina,Femenino,2004-07-21,2026-06-02,,Universitario,Indefinido
879,SIM-00879,Carolina,Silva Flores,Femenino,1995-08-01,2025-03-29,2025-12-10,Posgrado,Indefinido
880,SIM-00880,Valeria,Vera Sánchez,Femenino,1989-03-25,2024-06-25,2026-05-10,Bachillerato,Indefinido
881,SIM-00881,José,Flores Ruiz,Masculino,1986-03-22,2024-04-30,2025-02-11,Bachillerato,Indefinido
882,SIM-00882,Jorge,López Rojas,Masculino,1991-07-31,2023-05-06,2023-11-15,Posgrado,Indefinido
883,SIM-00883,Pablo,Cabrera Rojas,Masculino,1988-12-06,2023-07-10,,Bachillerato,Indefinido
884,SIM-00884,Juan,Aguirre Rojas,Masculino,1980-01-26,2023-09-23,,Técnico,Temporal
885,SIM-00885,Carolina,Flores Zambrano,Femenino,1987-08-17,2023-03-24,2024-09-04,Bachillerato,Indefinido
886,SIM-00886,Jorge,Paredes Vera,Masculino,1980-04-29,2024-11-21,,Universitario,Temporal
887,SIM-00887,Ana,Morales Cevallos,Femenino,1999-04-28,2023-06-28,,Bachillerato,Indefinido
888,SIM-00888,Miguel,Rojas Rojas,Masculino,2004-06-21,2026-03-03,,Universitario,Indefinido
889,SIM-00889,Jorge,López Sánchez,Masculino,1979-08-18,2024-06-11,,Posgrado,Indefinido
890,SIM-00890,Luis,Vargas Molina,Masculino,1983-11-29,2023-03-10,2025-12-15,Posgrado,Temporal
891,SIM-00891,Ana,Zambrano Cevallos,Femenino,2002-12-19,2025-05-16,,Técnico,Temporal
892,SIM-00892,Carolina,Mendoza Ortiz,Femenino,1978-11-24,2025-10-08,,Universitario,Indefinido
893,SIM-00893,Daniela,Vera Torres,Femenino,1979-12-06,2025-08-23,,Bachillerato,Indefinido
894,SIM-00894,Santiago,Vargas Morales,Masculino,1994-01-23,2025-01-04,,Posgrado,Temporal
895,SIM-00895,David,Morales Sánchez,Masculino,1981-10-30,2023-01-18,2025-11-14,Técnico,Indefinido
896,SIM-00896,Santiago,Ruiz Rojas,Masculino,1978-12-22,2023-03-04,2024-11-13,Bachillerato,Indefinido
897,SIM-00897,Andrés,Molina Torres,Masculino,1981-10-12,2024-09-30,,Bachillerato,Indefinido
898,SIM-00898,Isabel,Silva León,Femenino,1979-07-10,2025-01-24,,Universitario,Indefinido
899,SIM-00899,Diana,Molina Ortiz,Femenino,1981-02-13,2026-07-25,2026-08-29,Bachillerato,Indefinido
900,SIM-00900,José,León Molina,,1978-02-28,2025-12-22,,Universitario,Indefinido
101,SIM-00101,Sofía,Vargas Ruiz,Femenino,2002-07-09,2022-07-31,2025-11-29,Bachillerato,Indefinido
102,SIM-00102,Valeria,Flores Rojas,Femenino,1988-07-26,2019-01-30,,Universitario,Temporal
103,SIM-00103,Diana,Silva Sánchez,Femenino,1977-11-28,2018-06-09,2025-08-08,Técnico,Indefinido
104,SIM-00104,Valeria,López Sánchez,Femenino,1976-09-26,2021-02-14,,Posgrado,Indefinido
105,SIM-00105,Juan,Morales Zambrano,Masculino,1980-11-09,2020-12-21,2024-02-17,Universitario,Indefinido
106,SIM-00106,Diana,Vargas Morales,Femenino,1985-05-06,2019-06-30,,Universitario,Indefinido
107,SIM-00107,Luis,Sánchez Silva,Masculino,1981-01-28,2018-06-25,2023-03-23,Bachillerato,Temporal
108,SIM-00108,Andrea,Aguirre Molina,Femenino,1998-03-02,2019-01-14,,Posgrado,Indefinido
109,SIM-00109,Isabel,León Zambrano,Femenino,1976-04-01,2019-09-09,2024-04-25,Universitario,Indefinido
110,SIM-00110,Daniela,Aguirre Sánchez,Femenino,1977-09-22,2021-12-04,2025-09-25,Técnico,Indefinido
111,SIM-00111,Pedro,Cabrera Flores,Masculino,1983-06-09,2019-04-25,2024-12-26,Bachillerato,Indefinido
112,SIM-00112,Pablo,Castro Aguirre,Masculino,1977-07-02,2020-02-15,,Técnico,Indefinido
