fecha,id_colaborador,id_area,id_cargo,id_sucursal,id_antiguedad,activo_inicio,activo_cierre,dias_programados,horas_programadas,sueldo_mensual,pago_base,horas_extra,costo_extra
2023-01-01,1,1,1,3,4,1,1,23,184,"612,73",612.73,4,15.32
2023-01-01,2,2,7,25,3,1,1,23,184,"915,61",915.61,4,22.89
2023-01-01,3,1,4,11,4,1,1,22,176,"1188,37",1188.37,4,29.71
2023-01-01,4,1,1,23,4,1,1,21,168,"641,11",641.11,12,48.08
2023-01-01,5,1,5,22,1,1,1,21,168,"601,71",601.71,0,0.0
2023-01-01,6,1,5,7,3,1,1,22,176,"613,46",613.46,0,0.0
2023-01-01,7,6,16,27,4,1,1,23,184,"763,04",763.04,0,0.0
2023-01-01,8,2,8,25,2,1,1,23,184,"1332,12",1332.12,8,66.61
2023-01-01,9,1,1,11,4,1,1,23,184,"668,03",668.03,8,33.4
2023-01-01,10,1,2,13,4,1,1,22,176,"611,05",611.05,0,0.0
2023-01-01,11,1,1,5,3,1,1,21,168,"674,29",674.29,0,0.0
2023-01-01,12,1,5,10,3,1,1,21,168,"695,31",695.31,4,17.38
2023-01-01,13,1,5,8,2,1,1,22,176,"686,23",686.23,4,17.16
2023-01-01,14,1,4,19,4,1,1,23,184,"1290,12",1290.12,0,0.0
2023-01-01,15,1,2,13,4,1,1,23,184,"653,89",653.89,12,49.04
2023-01-01,16,1,1,17,3,1,1,23,184,"603,85",603.85,4,15.1
2023-01-01,17,6,15,27,4,1,1,22,176,"1193,68",1193.68,8,59.68
2023-01-01,18,4,11,27,2,1,1,21,168,"1222,48",1222.48,0,0.0
2023-01-01,19,1,3,8,2,1,1,21,168,"1392,75",1392.75,0,0.0
2023-01-01,20,1,2,24,3,1,1,22,176,"687,35",687.35,0,0.0
2023-01-01,21,1,3,21,4,1,1,23,184,"1210,32",1210.32,4,30.26
2023-01-01,22,1,5,18,3,1,1,23,184,"592,90",592.9,12,44.47
2023-01-01,23,1,5,18,3,1,1,23,184,"673,94",673.94,16,67.39
2023-01-01,24,2,7,26,3,1,1,22,176,"783,06",783.06,8,39.15
2023-01-01,25,1,3,11,4,1,1,21,168,"1438,49",1438.49,4,35.96
01/01/2023,26,1,1,14,4,1,1,21,168,640.93,640.93,4,16.02
01/01/2023,27,1,4,22,3,1,1,22,176,1125.75,1125.75,4,28.14
01/01/2023,28,1,1,21,2,1,1,23,184,726.05,726.05,16,72.6
01/01/2023,29,1,1,9,4,1,1,23,184,692.35,692.35,0,0.0
01/01/2023,30,2,8,25,4,1,1,23,184,1412.49,1412.49,8,70.62
01/01/2023,31,1,5,21,1,1,1,22,176,708.99,708.99,0,0.0
01/01/2023,32,1,5,6,2,1,1,21,168,582.38,582.38,4,14.56
01/01/2023,33,1,1,7,4,1,1,21,168,696.04,696.04,8,34.8
01/01/2023,34,1,1,20,3,1,1,22,176,686.49,686.49,12,51.49
01/01/2023,35,1,1,11,4,1,1,23,184,691.46,691.46,8,34.57
01/01/2023,36,1,3,20,3,1,1,23,184,1357.49,1357.49,4,33.94
01/01/2023,37,3,9,27,3,1,1,23,184,1297.97,1297.97,4,32.45
01/01/2023,38,1,3,22,4,1,1,22,176,1328.2,1328.2,4,33.2
01/01/2023,39,1,2,17,4,1,1,21,168,579.77,579.77,8,28.99
01/01/2023,40,1,1,3,4,1,1,21,168,609.37,609.37,8,30.47
2023-01-01,41,1,2,17,4,1,1,22,176,606.74,606.74,8,30.34
2023-01-01,42,4,11,27,4,1,1,23,184,1248.0,1248.0,4,31.2
2023-01-01,43,1,1,24,3,1,1,23,184,682.94,682.94,0,0.0
2023-01-01,44,1,1,23,3,1,1,23,184,637.24,637.24,4,15.93
2023-01-01,45,1,1,5,4,1,1,22,176,682.95,682.95,0,0.0
2023-01-01,46,1,4,14,2,1,1,21,168,1134.31,1134.31,8,56.72
2023-01-01,47,1,1,5,4,1,1,21,168,618.17,618.17,4,15.45
2023-01-01,48,1,5,12,3,1,1,22,176,679.11,679.11,0,0.0
2023-01-01,49,1,3,19,3,1,1,23,184,1413.59,1413.59,0,0.0
2023-01-01,50,2,7,26,3,1,1,23,184,920.42,920.42,0,0.0
2023-01-01,51,1,2,11,3,1,1,23,184,675.46,675.46,0,0.0
2023-01-01,52,1,4,19,1,1,1,22,176,1260.4,1260.4,0,0.0
2023-01-01,53,1,5,11,3,1,1,21,168,583.91,583.91,0,0.0
2023-01-01,54,1,4,19,3,1,1,21,168,1214.18,1214.18,0,0.0
2023-01-01,55,2,6,26,3,1,1,22,176,688.31,688.31,12,51.62
2023-01-01,56,1,3,17,4,1,1,23,184,1454.58,1454.58,0,0.0
2023-01-01,57,1,1,23,3,1,1,23,184,730.61,730.61,0,0.0
2023-01-01,58,1,3,10,4,1,1,23,184,1214.58,1214.58,12,91.09
2023-01-01,59,1,4,7,3,1,1,22,176,1253.16,1253.16,4,31.33
2023-01-01,60,1,2,16,4,1,1,21,168,663.3,663.3,16,66.33
2023-01-01,61,2,6,26,4,1,1,21,168,681.79,681.79,12,51.13
2023-01-01,62,1,2,15,4,1,1,22,176,578.72,578.72,4,14.47
2023-01-01,63,1,2,14,2,1,1,23,184,633.27,633.27,4,15.83
2023-01-01,64,6,16,27,4,1,1,23,184,677.09,677.09,12,50.78
2023-01-01,65,1,3,20,3,1,1,23,184,1217.76,1217.76,8,60.89
2023-01-01,66,1,5,7,3,1,1,22,176,716.81,716.81,8,35.84
2023-01-01,67,1,1,2,3,1,1,21,168,651.63,651.63,0,0.0
2023-01-01,68,1,2,7,4,1,1,21,168,636.45,636.45,0,0.0
2023-01-01,69,1,2,14,3,1,1,22,176,649.81,649.81,0,0.0
2023-01-01,70,2,6,26,4,1,1,23,184,644.39,644.39,0,0.0
2023-01-01,71,1,1,22,2,1,1,23,184,712.19,712.19,4,17.8
2023-01-01,72,1,1,21,4,1,1,23,184,631.62,631.62,0,0.0
2023-01-01,73,1,2,9,3,1,1,22,176,632.25,632.25,0,0.0
2023-01-01,74,1,1,21,3,1,1,21,168,683.79,683.79,4,17.09
2023-01-01,75,1,5,18,2,1,1,21,168,600.37,600.37,4,15.01
2023-01-01,76,1,1,23,3,1,1,22,176,629.76,629.76,0,0.0
2023-01-01,77,2,6,25,4,1,1,23,184,638.59,638.59,0,0.0
2023-01-01,78,3,9,27,3,1,1,23,184,1266.63,1266.63,0,0.0
2023-01-01,79,1,1,8,2,1,1,23,184,696.7,696.7,0,0.0
2023-01-01,80,1,3,12,4,1,1,22,176,1299.62,1299.62,16,129.96
2023-01-01,81,1,5,7,4,1,1,21,168,686.68,686.68,4,17.17
2023-01-01,82,1,5,22,3,1,1,21,168,598.19,598.19,4,14.95
2023-01-01,83,1,1,21,2,1,1,22,176,725.17,725.17,0,0.0
2023-01-01,84,1,3,9,4,1,1,23,184,1430.42,1430.42,0,0.0
2023-01-01,85,6,16,27,3,1,1,23,184,711.34,711.34,0,0.0
2023-01-01,86,1,5,14,2,1,1,23,184,707.47,707.47,8,35.37
2023-01-01,87,2,7,26,3,1,1,22,176,857.29,857.29,16,85.73
2023-01-01,88,1,3,19,3,1,1,21,168,1225.45,1225.45,0,0.0
2023-01-01,89,1,4,19,3,1,1,21,168,1107.71,1107.71,16,110.77
2023-01-01,90,2,6,26,4,1,1,22,176,702.3,702.3,4,17.56
2023-01-01,91,2,6,26,4,1,1,23,184,676.39,676.39,0,0.0
2023-01-01,92,6,15,27,4,1,1,23,184,1356.21,1356.21,0,0.0
2023-01-01,93,1,4,14,3,1,1,23,184,1133.5,1133.5,0,0.0
2023-01-01,94,1,2,7,4,1,1,22,176,602.41,602.41,4,15.06
2023-01-01,95,1,2,11,3,1,1,21,168,647.22,647.22,0,0.0
2023-01-01,96,1,1,12,3,1,1,21,168,728.2,728.2,12,54.62
2023-01-01,97,1,3,3,3,1,1,22,176,1247.77,1247.77,8,62.39
2023-01-01,98,1,3,18,3,1,1,23,184,1333.01,1333.01,0,0.0
2023-01-01,99,1,2,5,4,1,1,23,184,665.83,665.83,0,0.0
2023-01-01,100,1,4,23,2,1,1,23,184,1225.05,1225.05,4,30.63
2023-01-01,101,5,13,27,2,1,1,22,176,998.95,998.95,4,24.97
2023-01-01,102,1,1,14,4,1,1,21,168,649.93,649.93,12,48.74
2023-01-01,103,1,2,23,4,1,1,21,168,659.35,659.35,0,0.0
2023-01-01,104,4,11,27,3,1,1,22,176,1343.02,1343.02,8,67.15
2023-01-01,105,1,3,5,3,1,1,23,184,1369.78,1369.78,12,102.73
2023-01-01,106,1,4,6,4,1,1,23,184,1187.65,1187.65,0,0.0
2023-01-01,107,1,2,2,4,1,1,23,184,650.53,650.53,0,0.0
2023-01-01,108,1,2,17,4,1,1,22,176,565.98,565.98,8,28.3
2023-01-01,109,1,1,8,4,1,1,21,168,653.28,653.28,0,0.0
2023-01-01,110,1,3,8,3,1,1,21,168,1402.56,1402.56,0,0.0
2023-01-01,111,1,3,14,4,1,1,22,176,1196.42,1196.42,4,29.91
2023-01-01,112,1,1,9,3,1,1,23,184,596.5,596.5,8,29.82
2023-01-01,113,1,1,7,3,1,1,23,184,714.56,714.56,0,0.0
2023-01-01,114,1,2,15,2,1,1,23,184,625.25,625.25,8,31.26
2023-01-01,115,1,1,13,3,1,1,22,176,729.87,729.87,4,18.25
2023-01-01,116,1,3,19,4,1,1,21,168,1371.38,1371.38,0,0.0
2023-01-01,117,5,13,27,4,1,1,21,168,1001.08,1001.08,0,0.0
2023-01-01,118,1,4,15,1,1,1,22,176,1048.17,1048.17,8,52.41
2023-01-01,119,1,5,4,2,1,1,23,184,700.72,700.72,16,70.07
2023-01-01,120,1,1,17,4,1,1,23,184,644.07,644.07,0,0.0
2023-01-01,121,1,3,20,3,1,1,23,184,1436.63,1436.63,8,71.83
2023-01-01,122,1,2,21,3,1,1,22,176,645.08,645.08,4,16.13
2023-01-01,123,1,4,17,4,1,1,21,168,1191.95,1191.95,0,0.0
2023-01-01,124,1,1,15,4,1,1,21,168,618.8,618.8,4,15.47
2023-01-01,125,1,2,5,4,1,1,22,176,593.28,593.28,4,14.83
2023-01-01,126,1,1,12,3,1,1,23,184,604.7,604.7,4,15.12
2023-01-01,127,1,5,21,2,1,1,23,184,712.56,712.56,12,53.44
2023-01-01,128,1,2,2,3,1,1,23,184,597.16,597.16,16,59.72
2023-01-01,129,1,1,21,4,1,1,22,176,681.26,681.26,0,0.0
2023-01-01,130,1,5,5,4,1,1,21,168,708.88,708.88,0,0.0
2023-01-01,131,1,5,5,2,1,1,21,168,662.03,662.03,4,16.55
2023-01-01,132,1,1,5,4,1,1,22,176,683.58,683.58,4,17.09
2023-01-01,133,1,2,7,4,1,1,23,184,620.51,620.51,8,31.03
2023-01-01,134,1,2,13,2,1,1,23,184,613.28,613.28,8,30.66
2023-01-01,135,1,4,18,4,1,1,23,184,1068.58,1068.58,0,0.0
2023-01-01,136,1,2,11,4,1,1,22,176,598.25,598.25,0,0.0
2023-01-01,137,1,1,8,4,1,1,21,168,604.45,604.45,16,60.45
2023-01-01,138,1,4,7,2,1,1,21,168,1235.2,1235.2,0,0.0
2023-01-01,139,1,5,11,2,1,1,22,176,622.42,622.42,0,0.0
2023-01-01,140,1,1,22,4,1,1,23,184,727.53,727.53,0,0.0
2023-01-01,141,1,1,3,3,1,1,23,184,723.62,723.62,0,0.0
2023-01-01,142,1,2,8,2,1,1,23,184,685.34,685.34,0,0.0
2023-01-01,143,1,5,19,4,1,1,22,176,678.06,678.06,8,33.9
2023-01-01,144,1,3,12,2,1,1,21,168,1236.13,1236.13,4,30.9
2023-01-01,145,1,2,1,4,1,1,21,168,675.03,675.03,4,16.88
2023-01-01,146,1,1,4,3,1,1,22,176,690.99,690.99,8,34.55
2023-01-01,147,1,2,21,4,1,1,23,184,666.12,666.12,8,33.31
2023-01-01,148,1,1,24,3,1,1,23,184,708.2,708.2,0,0.0
2023-01-01,149,1,4,1,4,1,1,23,184,1156.11,1156.11,0,0.0
2023-01-01,150,1,1,7,4,1,1,22,176,597.28,597.28,0,0.0
2023-01-01,151,1,1,3,4,1,1,21,168,698.72,698.72,8,34.94
2023-01-01,152,1,1,20,2,1,1,21,168,671.61,671.61,8,33.58
2023-01-01,153,1,4,2,4,1,1,22,176,1254.91,1254.91,0,0.0
2023-01-01,154,1,1,22,3,1,1,23,184,698.64,698.64,0,0.0
2023-01-01,155,2,6,26,4,1,1,23,184,728.09,728.09,0,0.0
2023-01-01,156,1,1,3,4,1,1,23,184,609.08,609.08,8,30.45
2023-01-01,157,1,2,5,2,1,1,22,176,636.48,636.48,0,0.0
2023-01-01,158,1,4,23,2,1,1,21,168,1126.62,1126.62,0,0.0
2023-01-01,159,1,4,22,3,1,1,21,168,1284.21,1284.21,0,0.0
2023-01-01,160,1,3,19,4,1,1,22,176,1323.85,1323.85,8,66.19
2023-01-01,161,1,3,22,3,1,1,23,184,1441.07,1441.07,8,72.05
2023-01-01,162,1,1,8,2,1,1,23,184,618.58,618.58,0,0.0
2023-01-01,163,1,5,22,4,1,1,23,184,598.2,598.2,12,44.87
2023-01-01,164,1,1,7,3,1,1,22,176,620.02,620.02,0,0.0
2023-01-01,165,1,2,3,3,1,1,21,168,585.06,585.06,0,0.0
2023-01-01,166,1,1,5,4,1,1,21,168,720.77,720.77,12,54.06
2023-01-01,167,1,3,22,4,1,1,22,176,1330.14,1330.14,0,0.0
2023-01-01,168,1,3,6,4,1,1,23,184,1392.94,1392.94,0,0.0
2023-01-01,169,1,1,7,3,1,1,23,184,687.21,687.21,0,0.0
2023-01-01,170,1,2,9,4,1,1,23,184,626.89,626.89,8,31.34
2023-01-01,171,1,4,4,3,1,1,22,176,1115.81,1115.81,12,83.69
2023-01-01,172,2,6,26,2,1,1,21,168,724.33,724.33,0,0.0
2023-01-01,173,1,3,15,4,1,1,21,168,1325.92,1325.92,8,66.3
2023-01-01,174,1,2,16,3,1,1,22,176,688.98,688.98,12,51.67
2023-01-01,175,1,5,13,3,1,1,23,184,679.74,679.74,4,16.99
2023-01-01,176,1,1,6,3,1,1,23,184,626.86,626.86,0,0.0
2023-01-01,177,1,1,15,3,1,1,23,184,603.78,603.78,4,15.09
2023-01-01,178,1,5,8,4,1,1,22,176,671.57,671.57,8,33.58
2023-01-01,179,2,7,25,4,1,1,21,168,831.02,831.02,0,0.0
2023-01-01,180,1,3,6,3,1,1,21,168,1332.85,1332.85,0,0.0
2023-01-01,181,1,1,9,3,1,1,22,176,614.66,614.66,8,30.73
2023-01-01,182,1,1,23,4,1,1,23,184,705.12,705.12,8,35.26
2023-01-01,183,6,15,27,3,1,1,23,184,1346.59,1346.59,0,0.0
2023-01-01,184,1,1,11,4,1,1,23,184,614.17,614.17,8,30.71
2023-01-01,185,1,1,12,1,1,1,22,176,624.89,624.89,12,46.87
2023-01-01,186,1,1,11,3,1,1,21,168,658.78,658.78,0,0.0
2023-01-01,187,1,3,20,3,1,1,21,168,1323.8,1323.8,0,0.0
2023-01-01,188,1,4,1,3,1,1,22,176,1198.52,1198.52,4,29.96
2023-01-01,189,1,4,2,4,1,1,23,184,1154.34,1154.34,0,0.0
2023-01-01,190,6,16,27,3,1,1,23,184,658.37,658.37,8,32.92
2023-01-01,191,1,3,7,4,1,1,23,184,1315.21,1315.21,8,65.76
2023-01-01,192,1,1,2,4,1,1,22,176,640.93,640.93,8,32.05
2023-01-01,193,1,4,21,3,1,1,21,168,1068.04,1068.04,0,0.0
2023-01-01,194,1,1,11,4,1,1,21,168,697.31,697.31,0,0.0
2023-01-01,195,1,2,14,3,1,1,22,176,568.95,568.95,4,14.22
2023-01-01,196,1,3,20,2,1,1,23,184,1383.26,1383.26,16,138.33
2023-01-01,197,1,2,16,3,1,1,23,184,560.53,560.53,4,14.01
2023-01-01,198,1,1,23,2,1,1,23,184,595.78,595.78,4,14.89
2023-01-01,199,6,15,27,3,1,1,22,176,1410.54,1410.54,8,70.53
2023-01-01,200,1,1,12,4,1,1,21,168,606.35,606.35,0,0.0
2023-01-01,201,2,6,25,3,1,1,21,168,744.26,744.26,12,55.82
2023-01-01,202,1,5,23,3,1,1,22,176,675.98,675.98,0,0.0
2023-01-01,203,4,12,27,2,1,1,23,184,2654.26,2654.26,0,0.0
2023-01-01,204,1,2,19,2,1,1,23,184,594.15,594.15,4,14.85
2023-01-01,205,1,1,12,2,1,1,23,184,613.09,613.09,0,0.0
2023-01-01,206,2,6,26,4,1,1,22,176,611.77,611.77,4,15.29
2023-01-01,207,1,1,3,4,1,1,21,168,591.42,591.42,8,29.57
2023-01-01,208,2,6,25,4,1,1,21,168,656.85,656.85,8,32.84
2023-01-01,209,1,5,15,1,1,1,22,176,620.61,620.61,8,31.03
2023-01-01,210,1,1,22,1,1,1,23,184,601.6,601.6,0,0.0
2023-01-01,211,1,1,5,4,1,1,23,184,729.77,729.77,0,0.0
2023-01-01,212,1,2,12,4,1,1,23,184,594.94,594.94,8,29.75
2023-01-01,213,1,4,14,4,1,1,22,176,1236.85,1236.85,0,0.0
2023-01-01,214,1,4,4,4,1,1,21,168,1165.73,1165.73,8,58.29
2023-01-01,215,1,2,11,3,1,1,21,168,567.58,567.58,0,0.0
2023-01-01,216,1,4,20,1,1,1,22,176,1099.22,1099.22,0,0.0
2023-01-01,217,1,5,9,1,1,1,23,184,649.06,649.06,0,0.0
2023-01-01,218,1,1,3,2,1,1,23,184,730.47,730.47,8,36.52
2023-01-01,219,1,2,3,4,1,1,23,184,684.59,684.59,0,0.0
2023-01-01,220,1,2,9,2,1,1,22,176,650.07,650.07,4,16.25
2023-01-01,221,1,2,11,3,1,1,21,168,563.63,563.63,12,42.27
2023-01-01,222,1,2,4,4,1,1,21,168,666.94,666.94,0,0.0
2023-01-01,223,4,11,27,3,1,1,22,176,1175.82,1175.82,4,29.4
2023-01-01,224,5,14,27,2,1,1,23,184,1662.64,1662.64,8,83.13
2023-01-01,225,1,2,2,3,1,1,23,184,568.01,568.01,0,0.0
2023-01-01,226,1,1,23,2,1,1,23,184,660.15,660.15,0,0.0
2023-01-01,227,1,1,9,3,1,1,22,176,721.66,721.66,4,18.04
2023-01-01,228,1,5,8,4,1,1,21,168,618.5,618.5,0,0.0
2023-01-01,229,2,8,25,3,1,1,21,168,1515.23,1515.23,0,0.0
2023-01-01,230,1,3,17,4,1,1,22,176,1383.68,1383.68,0,0.0
2023-01-01,231,1,2,9,2,1,1,23,184,686.43,686.43,0,0.0
2023-01-01,232,1,2,15,4,1,1,23,184,591.14,591.14,0,0.0
2023-01-01,233,2,6,25,3,1,1,23,184,729.68,729.68,4,18.24
2023-01-01,234,1,2,7,3,1,1,22,176,606.69,606.69,4,15.17
2023-01-01,235,1,3,17,2,1,1,21,168,1364.84,1364.84,0,0.0
2023-01-01,236,1,1,2,4,1,1,21,168,723.94,723.94,0,0.0
2023-01-01,237,2,6,26,3,1,1,22,176,617.85,617.85,8,30.89
2023-01-01,238,1,1,12,4,1,1,23,184,637.46,637.46,4,15.94
2023-01-01,239,1,3,8,4,1,1,23,184,1218.27,1218.27,0,0.0
2023-01-01,240,1,1,19,2,1,1,23,184,621.56,621.56,0,0.0
2023-01-01,241,1,1,14,2,1,1,22,176,680.24,680.24,0,0.0
2023-01-01,242,1,1,2,3,1,1,21,168,637.04,637.04,0,0.0
2023-01-01,243,1,5,12,4,1,1,21,168,614.83,614.83,0,0.0
2023-01-01,244,1,2,3,3,1,1,22,176,607.88,607.88,12,45.59
2023-01-01,245,1,1,5,2,1,1,23,184,666.11,666.11,12,49.96
2023-01-01,246,1,3,19,3,1,1,23,184,1473.07,1473.07,0,0.0
2023-01-01,247,1,5,17,3,1,1,23,184,622.1,622.1,4,15.55
2023-01-01,248,1,4,2,4,1,1,22,176,1105.77,1105.77,0,0.0
2023-01-01,249,1,1,1,3,1,1,21,168,713.61,713.61,0,0.0
2023-01-01,250,1,1,22,4,1,1,21,168,655.55,655.55,4,16.39
2023-01-01,251,1,3,1,3,1,1,22,176,1337.27,1337.27,0,0.0
2023-01-01,252,1,2,21,3,1,1,23,184,666.99,666.99,4,16.67
2023-01-01,253,1,2,10,4,1,1,23,184,610.85,610.85,4,15.27
2023-01-01,254,1,2,19,4,1,1,23,184,571.69,571.69,16,57.17
2023-01-01,255,1,1,21,4,1,1,22,176,602.16,602.16,4,15.05
2023-01-01,256,1,4,21,4,1,1,21,168,1204.0,1204.0,4,30.1
2023-01-01,257,1,2,22,4,1,1,21,168,648.15,648.15,8,32.41
2023-01-01,258,1,4,23,4,1,1,22,176,1255.45,1255.45,12,94.16
2023-01-01,259,1,3,8,3,1,1,23,184,1463.4,1463.4,0,0.0
2023-01-01,260,1,1,24,2,1,1,23,184,614.69,614.69,8,30.73
2023-01-01,261,1,5,23,4,1,1,23,184,714.07,714.07,0,0.0
2023-01-01,262,1,2,14,4,1,1,22,176,681.62,681.62,0,0.0
2023-01-01,263,1,3,12,3,1,1,21,168,1378.27,1378.27,0,0.0
2023-01-01,264,1,2,17,3,1,1,21,168,605.9,605.9,0,0.0
2023-01-01,265,1,2,4,4,1,1,22,176,644.86,644.86,0,0.0
2023-01-01,266,1,2,18,4,1,1,23,184,584.36,584.36,0,0.0
2023-01-01,267,1,5,13,4,1,1,23,184,625.47,625.47,8,31.27
2023-01-01,268,1,5,10,3,1,1,23,184,640.05,640.05,0,0.0
2023-01-01,269,1,1,8,3,1,1,22,176,645.91,645.91,0,0.0
2023-01-01,270,1,3,18,4,1,1,21,168,1451.53,1451.53,4,36.29
2023-01-01,271,1,1,18,4,1,1,21,168,647.8,647.8,0,0.0
2023-01-01,272,1,5,4,4,1,1,22,176,600.21,600.21,16,60.02
2023-01-01,273,1,3,15,4,1,1,23,184,1440.05,1440.05,0,0.0
2023-01-01,274,1,5,19,3,1,1,23,184,716.96,716.96,4,17.92
2023-01-01,275,1,4,15,4,1,1,23,184,1206.35,1206.35,0,0.0
2023-01-01,276,1,2,24,2,1,1,22,176,601.7,601.7,8,30.09
2023-01-01,277,1,5,21,4,1,1,21,168,643.97,643.97,0,0.0
2023-01-01,278,1,1,5,2,1,1,21,168,615.29,615.29,0,0.0
2023-01-01,279,1,4,10,2,1,1,22,176,1064.43,1064.43,0,0.0
2023-01-01,280,1,4,13,1,1,1,23,184,1099.08,1099.08,8,54.95
2023-01-01,281,1,1,17,3,1,1,23,184,693.7,693.7,12,52.03
2023-01-01,282,1,1,20,2,1,1,23,184,683.23,683.23,0,0.0
2023-01-01,283,1,5,12,3,1,1,22,176,603.99,603.99,0,0.0
2023-01-01,284,1,2,5,4,1,1,21,168,657.18,657.18,12,49.29
2023-01-01,285,5,14,27,2,1,1,21,168,1666.6,1666.6,8,83.33
2023-01-01,286,1,2,12,2,1,1,22,176,562.69,562.69,4,14.07
2023-01-01,287,1,2,13,4,1,1,23,184,608.78,608.78,0,0.0
2023-01-01,288,1,1,12,4,1,1,23,184,597.72,597.72,8,29.89
2023-01-01,289,1,3,1,3,1,1,23,184,1235.02,1235.02,4,30.88
2023-01-01,290,1,3,3,3,1,1,22,176,1212.37,1212.37,0,0.0
2023-01-01,291,1,2,2,4,1,1,21,168,612.72,612.72,8,30.64
2023-01-01,292,2,6,26,4,1,1,21,168,650.13,650.13,0,0.0
2023-01-01,293,1,1,23,3,1,1,22,176,700.48,700.48,8,35.02
2023-01-01,294,1,1,1,1,1,1,23,184,715.78,715.78,0,0.0
2023-01-01,295,1,5,18,4,1,1,23,184,621.94,621.94,8,31.1
2023-01-01,296,1,1,3,1,1,1,23,184,711.42,711.42,16,71.14
2023-01-01,297,1,5,5,4,1,1,22,176,664.51,664.51,0,0.0
2023-01-01,298,1,2,17,4,1,1,21,168,571.14,571.14,0,0.0
2023-01-01,299,2,6,25,2,1,1,21,168,731.81,731.81,8,36.59
2023-01-01,300,5,13,27,3,1,1,22,176,1174.84,1174.84,0,0.0
2023-01-01,301,1,5,1,4,1,1,23,184,694.85,694.85,4,17.37
2023-01-01,302,1,2,2,4,1,1,23,184,587.83,587.83,4,14.7
2023-01-01,303,1,1,24,2,1,1,23,184,653.48,653.48,8,32.67
2023-01-01,304,1,3,7,3,1,1,22,176,1264.57,1264.57,8,63.23
2023-01-01,305,1,2,1,4,1,1,21,168,606.35,606.35,4,15.16
2023-01-01,306,1,4,4,3,1,1,21,168,1064.84,1064.84,0,0.0
2023-01-01,307,1,5,2,2,1,1,22,176,715.06,715.06,8,35.75
2023-01-01,308,1,3,16,2,1,1,23,184,1261.18,1261.18,8,63.06
2023-01-01,309,1,4,9,4,1,1,23,184,1124.69,1124.69,8,56.23
2023-01-01,310,1,2,21,4,1,1,23,184,623.17,623.17,0,0.0
2023-01-01,311,1,3,5,3,1,1,22,176,1320.94,1320.94,8,66.05
2023-01-01,312,1,1,21,4,1,1,21,168,593.33,593.33,16,59.33
2023-01-01,313,1,3,24,3,1,1,21,168,1453.88,1453.88,4,36.35
2023-01-01,314,2,7,25,3,1,1,22,176,754.95,754.95,4,18.87
2023-01-01,315,1,1,14,4,1,1,23,184,676.81,676.81,4,16.92
2023-01-01,316,1,1,24,3,1,1,23,184,702.47,702.47,0,0.0
2023-01-01,317,1,1,18,3,1,1,23,184,600.11,600.11,0,0.0
2023-01-01,318,1,2,11,2,1,1,22,176,593.58,593.58,0,0.0
2023-01-01,319,1,1,8,2,1,1,21,168,708.67,708.67,4,17.72
2023-01-01,320,1,4,10,2,1,1,21,168,1046.51,1046.51,0,0.0
2023-01-01,321,6,16,27,3,1,1,22,176,757.26,757.26,0,0.0
2023-01-01,322,6,16,27,1,1,1,23,184,720.46,720.46,0,0.0
2023-01-01,323,2,6,26,4,1,1,23,184,676.3,676.3,4,16.91
2023-01-01,324,1,1,15,4,1,1,23,184,713.45,713.45,12,53.51
2023-01-01,325,1,2,8,3,1,1,22,176,695.42,695.42,0,0.0
2023-01-01,326,1,1,15,4,1,1,21,168,614.59,614.59,4,15.36
2023-01-01,327,3,9,27,3,1,1,21,168,1158.82,1158.82,0,0.0
2023-01-01,328,1,2,19,2,1,1,22,176,680.76,680.76,4,17.02
2023-01-01,329,2,6,26,3,1,1,23,184,655.6,655.6,0,0.0
2023-01-01,330,2,6,26,4,1,1,23,184,643.52,643.52,0,0.0
2023-01-01,331,1,1,4,4,1,1,23,184,662.13,662.13,0,0.0
2023-01-01,332,1,5,23,4,1,1,22,176,704.17,704.17,16,70.42
2023-01-01,333,5,14,27,4,1,1,21,168,1733.22,1733.22,0,0.0
2023-01-01,334,1,1,11,2,1,1,21,168,702.57,702.57,4,17.56
2023-01-01,335,1,5,23,3,1,1,22,176,680.62,680.62,4,17.02
2023-01-01,336,1,1,8,4,1,1,23,184,612.16,612.16,0,0.0
2023-01-01,337,5,14,27,4,1,1,23,184,1788.29,1788.29,12,134.12
2023-01-01,338,2,6,26,4,1,1,23,184,726.44,726.44,0,0.0
2023-01-01,339,1,1,11,3,1,1,22,176,599.95,599.95,0,0.0
2023-01-01,340,5,13,27,4,1,1,21,168,1080.25,1080.25,16,108.03
2023-01-01,341,1,1,7,4,1,1,21,168,729.53,729.53,0,0.0
2023-01-01,342,1,1,23,3,1,1,22,176,689.47,689.47,0,0.0
2023-01-01,343,1,1,15,2,1,1,23,184,632.41,632.41,4,15.81
2023-01-01,344,1,1,24,4,1,1,23,184,686.68,686.68,12,51.5
2023-01-01,345,1,2,7,3,1,1,23,184,603.74,603.74,0,0.0
2023-01-01,346,1,5,14,4,1,1,22,176,678.14,678.14,0,0.0
2023-01-01,347,1,5,10,1,1,1,21,168,690.03,690.03,0,0.0
2023-01-01,348,1,4,13,4,1,1,21,168,1283.13,1283.13,0,0.0
2023-01-01,349,6,15,27,4,1,1,22,176,1225.73,1225.73,16,122.57
2023-01-01,350,1,5,23,3,1,1,23,184,689.54,689.54,8,34.48
2023-01-01,376,3,10,27,1,0,1,11,88,2433.03,1334.24,0,0.0
2023-01-01,457,1,5,9,1,0,1,20,160,684.38,574.0,12,51.33
2023-01-01,469,1,5,14,1,0,1,5,40,620.57,140.13,0,0.0
2023-01-01,490,3,10,27,1,0,1,13,104,2076.08,1272.44,0,0.0
2023-01-01,492,1,1,20,1,0,1,23,184,594.08,594.08,0,0.0
2023-01-01,530,1,1,21,1,0,1,2,16,689.68,88.99,16,68.97
2023-01-01,547,1,2,8,1,0,1,8,64,630.28,203.32,4,15.76
2023-01-01,632,5,14,27,1,0,1,20,160,1858.32,1618.54,0,0.0
2023-01-01,658,1,5,1,1,0,1,9,72,630.48,264.39,0,0.0
2023-01-01,690,1,2,19,1,0,1,20,160,632.55,591.74,4,15.81
2023-01-01,707,1,5,22,1,0,1,1,8,588.47,18.98,12,44.14
2023-01-01,708,4,12,27,1,0,1,3,24,2722.1,263.43,0,0.0
2023-01-01,716,1,4,8,1,0,1,20,160,1127.77,1018.63,0,0.0
2023-01-01,717,2,7,25,1,0,1,15,120,840.47,569.35,8,42.02
2023-01-01,723,1,1,24,1,0,1,12,96,656.38,338.78,8,32.82
2023-01-01,772,1,5,17,1,0,1,9,72,643.34,228.28,0,0.0
2023-01-01,802,1,2,22,1,0,1,5,40,668.9,151.04,12,50.17
2023-01-01,838,1,1,6,1,0,1,11,88,634.22,306.88,0,0.0
2023-01-01,853,1,1,11,1,0,1,17,136,712.31,574.44,0,0.0
2023-01-01,895,1,3,15,1,0,1,10,80,1342.39,606.24,0,0.0
2023-02-01,1,1,1,3,4,1,1,20,160,612.73,612.73,0,0.0
2023-02-01,2,2,7,25,3,1,1,20,160,915.61,915.61,16,91.56
2023-02-01,3,1,4,11,4,1,1,20,160,1188.37,1188.37,4,29.71
2023-02-01,4,1,1,23,4,1,1,20,160,641.11,641.11,8,32.06
2023-02-01,5,1,5,22,1,1,0,4,32,601.71,85.96,0,0.0
2023-02-01,6,1,5,7,3,1,1,20,160,613.46,613.46,4,15.34
2023-02-01,7,6,16,27,4,1,1,20,160,763.04,763.04,0,0.0
2023-02-01,8,2,8,25,2,1,1,20,160,1332.12,1332.12,4,33.3
2023-02-01,9,1,1,11,4,1,1,20,160,668.03,668.03,0,0.0
2023-02-01,10,1,2,13,4,1,1,20,160,611.05,611.05,4,15.28
2023-02-01,11,1,1,5,3,1,1,20,160,674.29,674.29,8,33.71
2023-02-01,12,1,5,10,3,1,1,20,160,695.31,695.31,0,0.0
2023-02-01,13,1,5,8,2,1,1,20,160,686.23,686.23,12,51.47
2023-02-01,14,1,4,19,4,1,1,20,160,1290.12,1290.12,0,0.0
2023-02-01,15,1,2,13,4,1,1,20,160,653.89,653.89,0,0.0
2023-02-01,16,1,1,17,3,1,1,20,160,603.85,603.85,8,30.19
2023-02-01,17,6,15,27,4,1,1,20,160,1193.68,1193.68,4,29.84
2023-02-01,18,4,11,27,2,1,1,20,160,1222.48,1222.48,8,61.12
2023-02-01,19,1,3,8,2,1,1,20,160,1392.75,1392.75,8,69.64
2023-02-01,20,1,2,24,3,1,1,20,160,687.35,687.35,16,68.74
2023-02-01,21,1,3,21,4,1,1,20,160,1210.32,1210.32,0,0.0
2023-02-01,22,1,5,18,3,1,1,20,160,592.9,592.9,0,0.0
2023-02-01,23,1,5,18,3,1,1,20,160,673.94,673.94,12,50.55
2023-02-01,24,2,7,26,3,1,1,20,160,783.06,783.06,12,58.73
2023-02-01,25,1,3,11,4,1,1,20,160,1438.49,1438.49,12,107.89
2023-02-01,26,1,1,14,4,1,1,20,160,640.93,640.93,0,0.0
2023-02-01,27,1,4,22,4,1,1,20,160,1125.75,1125.75,4,28.14
2023-02-01,28,1,1,21,2,1,1,20,160,726.05,726.05,8,36.3
2023-02-01,29,1,1,9,4,1,1,20,160,692.35,692.35,4,17.31
2023-02-01,30,2,8,25,4,1,1,20,160,1412.49,1412.49,0,0.0
2023-02-01,31,1,5,21,1,1,1,20,160,708.99,708.99,4,17.72
2023-02-01,32,1,5,6,2,1,1,20,160,582.38,582.38,0,0.0
2023-02-01,33,1,1,7,4,1,1,20,160,696.04,696.04,8,34.8
2023-02-01,34,1,1,20,3,1,1,20,160,686.49,686.49,0,0.0
2023-02-01,35,1,1,11,4,1,1,20,160,691.46,691.46,0,0.0
2023-02-01,36,1,3,20,3,1,1,20,160,1357.49,1357.49,0,0.0
2023-02-01,37,3,9,27,3,1,1,20,160,1297.97,1297.97,8,64.9
2023-02-01,38,1,3,22,4,1,1,20,160,1328.2,1328.2,4,33.2
2023-02-01,39,1,2,17,4,1,1,20,160,579.77,579.77,8,28.99
2023-02-01,40,1,1,3,4,1,1,20,160,609.37,609.37,4,15.23
2023-02-01,41,1,2,17,4,1,1,20,160,606.74,606.74,0,0.0
2023-02-01,42,4,11,27,4,1,0,13,104,1248.0,846.86,0,0.0
2023-02-01,43,1,1,24,3,1,0,9,72,682.94,317.08,12,51.22
2023-02-01,44,1,1,23,3,1,1,20,160,637.24,637.24,0,0.0
2023-02-01,45,1,1,5,4,1,0,3,24,682.95,97.56,0,0.0
2023-02-01,46,1,4,14,2,1,1,20,160,1134.31,1134.31,0,0.0
2023-02-01,47,1,1,5,4,1,1,20,160,618.17,618.17,0,0.0
2023-02-01,48,1,5,12,3,1,1,20,160,679.11,679.11,0,0.0
2023-02-01,49,1,3,19,3,1,1,20,160,1413.59,1413.59,8,70.68
2023-02-01,50,2,7,26,3,1,1,20,160,920.42,920.42,0,0.0
2023-02-01,51,1,2,11,3,1,1,20,160,675.46,675.46,8,33.77
2023-02-01,52,1,4,19,2,1,1,20,160,1260.4,1260.4,16,126.04
2023-02-01,53,1,5,11,3,1,1,20,160,583.91,583.91,4,14.6
2023-02-01,54,1,4,19,3,1,1,20,160,1214.18,1214.18,0,0.0
2023-02-01,55,2,6,26,3,1,1,20,160,688.31,688.31,4,17.21
2023-02-01,56,1,3,17,4,1,1,20,160,1454.58,1454.58,4,36.36
2023-02-01,57,1,1,23,3,1,1,20,160,730.61,730.61,0,0.0
2023-02-01,58,1,3,10,4,1,1,20,160,1214.58,1214.58,8,60.73
2023-02-01,59,1,4,7,3,1,1,20,160,1253.16,1253.16,0,0.0
2023-02-01,60,1,2,16,4,1,1,20,160,663.3,663.3,8,33.16
2023-02-01,61,2,6,26,4,1,1,20,160,681.79,681.79,0,0.0
2023-02-01,62,1,2,15,4,1,1,20,160,578.72,578.72,8,28.94
2023-02-01,63,1,2,14,2,1,1,20,160,633.27,633.27,8,31.66
2023-02-01,64,6,16,27,4,1,0,16,128,677.09,580.36,4,16.93
2023-02-01,65,1,3,20,3,1,1,20,160,1217.76,1217.76,0,0.0
2023-02-01,66,1,5,7,3,1,1,20,160,716.81,716.81,0,0.0
2023-02-01,67,1,1,2,3,1,1,20,160,651.63,651.63,4,16.29
2023-02-01,68,1,2,7,4,1,1,20,160,636.45,636.45,0,0.0
2023-02-01,69,1,2,14,3,1,1,20,160,649.81,649.81,0,0.0
2023-02-01,70,2,6,26,4,1,1,20,160,644.39,644.39,8,32.22
2023-02-01,71,1,1,22,2,1,0,2,16,712.19,101.74,8,35.61
2023-02-01,72,1,1,21,4,1,1,20,160,631.62,631.62,0,0.0
2023-02-01,73,1,2,9,3,1,1,20,160,632.25,632.25,12,47.42
2023-02-01,74,1,1,21,3,1,1,20,160,683.79,683.79,4,17.09
2023-02-01,75,1,5,18,2,1,1,20,160,600.37,600.37,0,0.0
2023-02-01,76,1,1,23,3,1,1,20,160,629.76,629.76,8,31.49
2023-02-01,77,2,6,25,4,1,1,20,160,638.59,638.59,0,0.0
2023-02-01,78,3,9,27,3,1,1,20,160,1266.63,1266.63,0,0.0
2023-02-01,79,1,1,8,2,1,1,20,160,696.7,696.7,4,17.42
2023-02-01,80,1,3,12,4,1,1,20,160,1299.62,1299.62,4,32.49
2023-02-01,81,1,5,7,4,1,1,20,160,686.68,686.68,16,68.67
2023-02-01,82,1,5,22,3,1,1,20,160,598.19,598.19,0,0.0
2023-02-01,83,1,1,21,2,1,1,20,160,725.17,725.17,12,54.39
2023-02-01,84,1,3,9,4,1,1,20,160,1430.42,1430.42,12,107.28
2023-02-01,85,6,16,27,3,1,1,20,160,711.34,711.34,12,53.35
2023-02-01,86,1,5,14,2,1,1,20,160,707.47,707.47,16,70.75
2023-02-01,87,2,7,26,3,1,1,20,160,857.29,857.29,4,21.43
2023-02-01,88,1,3,19,3,1,1,20,160,1225.45,1225.45,8,61.27
2023-02-01,89,1,4,19,3,1,1,20,160,1107.71,1107.71,8,55.39
2023-02-01,90,2,6,26,4,1,1,20,160,702.3,702.3,12,52.67
2023-02-01,91,2,6,26,4,1,1,20,160,676.39,676.39,8,33.82
2023-02-01,92,6,15,27,4,1,1,20,160,1356.21,1356.21,4,33.91
2023-02-01,93,1,4,14,3,1,1,20,160,1133.5,1133.5,16,113.35
2023-02-01,94,1,2,7,4,1,1,20,160,602.41,602.41,0,0.0
2023-02-01,95,1,2,11,3,1,1,20,160,647.22,647.22,12,48.54
2023-02-01,96,1,1,12,4,1,1,20,160,728.2,728.2,0,0.0
2023-02-01,97,1,3,3,3,1,1,20,160,1247.77,1247.77,0,0.0
2023-02-01,98,1,3,18,3,1,1,20,160,1333.01,1333.01,0,0.0
2023-02-01,99,1,2,5,4,1,1,20,160,665.83,665.83,4,16.65
2023-02-01,100,1,4,23,2,1,1,20,160,1225.05,1225.05,4,30.63
2023-02-01,101,5,13,27,2,1,1,20,160,998.95,998.95,0,0.0
2023-02-01,102,1,1,14,4,1,1,20,160,649.93,649.93,0,0.0
2023-02-01,103,1,2,23,4,1,1,20,160,659.35,659.35,0,0.0
2023-02-01,104,4,11,27,3,1,1,20,160,1343.02,1343.02,4,33.58
2023-02-01,105,1,3,5,3,1,1,20,160,1369.78,1369.78,4,34.24
2023-02-01,106,1,4,6,4,1,1,20,160,1187.65,1187.65,0,0.0
2023-02-01,107,1,2,2,4,1,1,20,160,650.53,650.53,0,0.0
2023-02-01,108,1,2,17,4,1,1,20,160,565.98,565.98,16,56.6
2023-02-01,109,1,1,8,4,1,1,20,160,653.28,653.28,4,16.33
2023-02-01,110,1,3,8,3,1,1,20,160,1402.56,1402.56,12,105.19
2023-02-01,111,1,3,14,4,1,1,20,160,1196.42,1196.42,0,0.0
2023-02-01,112,1,1,9,4,1,1,20,160,596.5,596.5,4,14.91
2023-02-01,113,1,1,7,3,1,0,9,72,714.56,331.76,8,35.73
2023-02-01,114,1,2,15,2,1,1,20,160,625.25,625.25,0,0.0
2023-02-01,115,1,1,13,3,1,1,20,160,729.87,729.87,12,54.74
2023-02-01,116,1,3,19,4,1,1,20,160,1371.38,1371.38,0,0.0
2023-02-01,117,5,13,27,4,1,1,20,160,1001.08,1001.08,8,50.05
2023-02-01,118,1,4,15,1,1,1,20,160,1048.17,1048.17,0,0.0
2023-02-01,119,1,5,4,2,1,1,20,160,700.72,700.72,4,17.52
2023-02-01,120,1,1,17,4,1,1,20,160,644.07,644.07,0,0.0
2023-02-01,121,1,3,20,3,1,1,20,160,1436.63,1436.63,4,35.92
2023-02-01,122,1,2,21,3,1,1,20,160,645.08,645.08,0,0.0
2023-02-01,123,1,4,17,4,1,1,20,160,1191.95,1191.95,4,29.8
2023-02-01,124,1,1,15,4,1,1,20,160,618.8,618.8,8,30.94
2023-02-01,125,1,2,5,4,1,1,20,160,593.28,593.28,0,0.0
2023-02-01,126,1,1,12,3,1,1,20,160,604.7,604.7,12,45.35
2023-02-01,127,1,5,21,2,1,1,20,160,712.56,712.56,16,71.26
2023-02-01,128,1,2,2,3,1,1,20,160,597.16,597.16,4,14.93
2023-02-01,129,1,1,21,4,1,1,20,160,681.26,681.26,4,17.03
2023-02-01,130,1,5,5,4,1,1,20,160,708.88,708.88,0,0.0
2023-02-01,131,1,5,5,2,1,1,20,160,662.03,662.03,0,0.0
2023-02-01,132,1,1,5,4,1,1,20,160,683.58,683.58,0,0.0
2023-02-01,133,1,2,7,4,1,0,7,56,620.51,221.61,4,15.51
2023-02-01,134,1,2,13,2,1,1,20,160,613.28,613.28,0,0.0
2023-02-01,135,1,4,18,4,1,1,20,160,1068.58,1068.58,4,26.71
2023-02-01,136,1,2,11,4,1,1,20,160,598.25,598.25,0,0.0
2023-02-01,137,1,1,8,4,1,1,20,160,604.45,604.45,8,30.22
2023-02-01,138,1,4,7,3,1,1,20,160,1235.2,1235.2,8,61.76
2023-02-01,139,1,5,11,2,1,1,20,160,622.42,622.42,4,15.56
2023-02-01,140,1,1,22,4,1,1,20,160,727.53,727.53,8,36.38
2023-02-01,141,1,1,3,3,1,1,20,160,723.62,723.62,8,36.18
2023-02-01,142,1,2,8,2,1,1,20,160,685.34,685.34,12,51.4
2023-02-01,143,1,5,19,4,1,1,20,160,678.06,678.06,0,0.0
2023-02-01,144,1,3,12,2,1,1,20,160,1236.13,1236.13,8,61.81
2023-02-01,145,1,2,1,4,1,1,20,160,675.03,675.03,4,16.88
2023-02-01,146,1,1,4,3,1,1,20,160,690.99,690.99,0,0.0
2023-02-01,147,1,2,21,4,1,1,20,160,666.12,666.12,4,16.65
2023-02-01,148,1,1,24,3,1,1,20,160,708.2,708.2,4,17.71
2023-02-01,149,1,4,1,4,1,1,20,160,1156.11,1156.11,0,0.0
2023-02-01,150,1,1,7,4,1,1,20,160,597.28,597.28,8,29.86
2023-02-01,151,1,1,3,4,1,1,20,160,698.72,698.72,12,52.4
2023-02-01,152,1,1,20,2,1,1,20,160,671.61,671.61,4,16.79
2023-02-01,153,1,4,2,4,1,1,20,160,1254.91,1254.91,0,0.0
2023-02-01,154,1,1,22,3,1,1,20,160,698.64,698.64,4,17.47
2023-02-01,155,2,6,26,4,1,1,20,160,728.09,728.09,0,0.0
2023-02-01,156,1,1,3,4,1,1,20,160,609.08,609.08,4,15.23
2023-02-01,157,1,2,5,2,1,1,20,160,636.48,636.48,0,0.0
2023-02-01,158,1,4,23,2,1,1,20,160,1126.62,1126.62,12,84.5
2023-02-01,159,1,4,22,3,1,1,20,160,1284.21,1284.21,0,0.0
2023-02-01,160,1,3,19,4,1,1,20,160,1323.85,1323.85,8,66.19
2023-02-01,161,1,3,22,4,1,1,20,160,1441.07,1441.07,0,0.0
2023-02-01,162,1,1,8,2,1,0,11,88,618.58,331.38,0,0.0
2023-02-01,163,1,5,22,4,1,1,20,160,598.2,598.2,0,0.0
2023-02-01,164,1,1,7,3,1,1,20,160,620.02,620.02,4,15.5
2023-02-01,165,1,2,3,3,1,1,20,160,585.06,585.06,4,14.63
2023-02-01,166,1,1,5,4,1,1,20,160,720.77,720.77,4,18.02
2023-02-01,167,1,3,22,4,1,1,20,160,1330.14,1330.14,16,133.01
2023-02-01,168,1,3,6,4,1,1,20,160,1392.94,1392.94,12,104.47
2023-02-01,169,1,1,7,3,1,1,20,160,687.21,687.21,0,0.0
2023-02-01,170,1,2,9,4,1,1,20,160,626.89,626.89,12,47.02
2023-02-01,171,1,4,4,3,1,1,20,160,1115.81,1115.81,0,0.0
2023-02-01,172,2,6,26,2,1,1,20,160,724.33,724.33,8,36.22
2023-02-01,173,1,3,15,4,1,1,20,160,1325.92,1325.92,0,0.0
2023-02-01,174,1,2,16,3,1,1,20,160,688.98,688.98,8,34.45
2023-02-01,175,1,5,13,3,1,0,2,16,679.74,97.11,4,16.99
2023-02-01,176,1,1,6,3,1,1,20,160,626.86,626.86,0,0.0
2023-02-01,177,1,1,15,3,1,1,20,160,603.78,603.78,4,15.09
2023-02-01,178,1,5,8,4,1,1,20,160,671.57,671.57,0,0.0
2023-02-01,179,2,7,25,4,1,1,20,160,831.02,831.02,0,0.0
2023-02-01,180,1,3,6,3,1,1,20,160,1332.85,1332.85,0,0.0
2023-02-01,181,1,1,9,3,1,1,20,160,614.66,614.66,8,30.73
2023-02-01,182,1,1,23,4,1,1,20,160,705.12,705.12,0,0.0
2023-02-01,183,6,15,27,3,1,1,20,160,1346.59,1346.59,0,0.0
2023-02-01,184,1,1,11,4,1,1,20,160,614.17,614.17,0,0.0
2023-02-01,185,1,1,12,2,1,1,20,160,624.89,624.89,4,15.62
2023-02-01,186,1,1,11,3,1,1,20,160,658.78,658.78,8,32.94
2023-02-01,187,1,3,20,3,1,1,20,160,1323.8,1323.8,8,66.19
2023-02-01,188,1,4,1,3,1,1,20,160,1198.52,1198.52,0,0.0
2023-02-01,189,1,4,2,4,1,1,20,160,1154.34,1154.34,8,57.72
2023-02-01,190,6,16,27,3,1,1,20,160,658.37,658.37,4,16.46
2023-02-01,191,1,3,7,4,1,1,20,160,1315.21,1315.21,4,32.88
2023-02-01,192,1,1,2,4,1,1,20,160,640.93,640.93,8,32.05
2023-02-01,193,1,4,21,3,1,1,20,160,1068.04,1068.04,0,0.0
2023-02-01,194,1,1,11,4,1,1,20,160,697.31,697.31,0,0.0
2023-02-01,195,1,2,14,3,1,1,20,160,568.95,568.95,4,14.22
2023-02-01,196,1,3,20,2,1,1,20,160,1383.26,1383.26,8,69.16
2023-02-01,197,1,2,16,3,1,1,20,160,560.53,560.53,8,28.03
2023-02-01,198,1,1,23,3,1,1,20,160,595.78,595.78,4,14.89
2023-02-01,199,6,15,27,3,1,1,20,160,1410.54,1410.54,8,70.53
2023-02-01,200,1,1,12,4,1,1,20,160,606.35,606.35,8,30.32
2023-02-01,201,2,6,25,3,1,1,20,160,744.26,744.26,0,0.0
2023-02-01,202,1,5,23,3,1,1,20,160,675.98,675.98,8,33.8
2023-02-01,203,4,12,27,2,1,1,20,160,2654.26,2654.26,0,0.0
2023-02-01,204,1,2,19,2,1,1,20,160,594.15,594.15,4,14.85
2023-02-01,205,1,1,12,2,1,1,20,160,613.09,613.09,0,0.0
2023-02-01,206,2,6,26,4,1,1,20,160,611.77,611.77,0,0.0
2023-02-01,207,1,1,3,4,1,1,20,160,591.42,591.42,0,0.0
2023-02-01,208,2,6,25,4,1,1,20,160,656.85,656.85,0,0.0
2023-02-01,209,1,5,15,2,1,1,20,160,620.61,620.61,4,15.52
2023-02-01,210,1,1,22,1,1,1,20,160,601.6,601.6,4,15.04
2023-02-01,211,1,1,5,4,1,1,20,160,729.77,729.77,8,36.49
2023-02-01,212,1,2,12,4,1,1,20,160,594.94,594.94,0,0.0
2023-02-01,213,1,4,14,4,1,1,20,160,1236.85,1236.85,0,0.0
2023-02-01,214,1,4,4,4,1,1,20,160,1165.73,1165.73,4,29.14
2023-02-01,215,1,2,11,3,1,1,20,160,567.58,567.58,16,56.76
2023-02-01,216,1,4,20,1,1,1,20,160,1099.22,1099.22,4,27.48
2023-02-01,217,1,5,9,2,1,1,20,160,649.06,649.06,0,0.0
2023-02-01,218,1,1,3,2,1,1,20,160,730.47,730.47,8,36.52
2023-02-01,219,1,2,3,4,1,1,20,160,684.59,684.59,8,34.23
2023-02-01,220,1,2,9,2,1,1,20,160,650.07,650.07,0,0.0
2023-02-01,221,1,2,11,3,1,1,20,160,563.63,563.63,12,42.27
2023-02-01,222,1,2,4,4,1,1,20,160,666.94,666.94,0,0.0
2023-02-01,223,4,11,27,3,1,1,20,160,1175.82,1175.82,0,0.0
2023-02-01,224,5,14,27,2,1,1,20,160,1662.64,1662.64,8,83.13
2023-02-01,225,1,2,2,3,1,1,20,160,568.01,568.01,8,28.4
2023-02-01,226,1,1,23,2,1,1,20,160,660.15,660.15,4,16.5
2023-02-01,227,1,1,9,3,1,1,20,160,721.66,721.66,8,36.08
2023-02-01,228,1,5,8,4,1,1,20,160,618.5,618.5,0,0.0
2023-02-01,229,2,8,25,3,1,1,20,160,1515.23,1515.23,4,37.88
2023-02-01,230,1,3,17,4,1,1,20,160,1383.68,1383.68,0,0.0
2023-02-01,231,1,2,9,2,1,1,20,160,686.43,686.43,0,0.0
2023-02-01,232,1,2,15,4,1,0,2,16,591.14,84.45,4,14.78
2023-02-01,233,2,6,25,3,1,1,20,160,729.68,729.68,16,72.97
2023-02-01,234,1,2,7,3,1,0,10,80,606.69,303.34,0,0.0
2023-02-01,235,1,3,17,2,1,1,20,160,1364.84,1364.84,0,0.0
2023-02-01,236,1,1,2,4,1,1,20,160,723.94,723.94,4,18.1
2023-02-01,237,2,6,26,3,1,0,3,24,617.85,110.33,8,30.89
2023-02-01,238,1,1,12,4,1,1,20,160,637.46,637.46,4,15.94
2023-02-01,239,1,3,8,4,1,1,20,160,1218.27,1218.27,0,0.0
2023-02-01,240,1,1,19,2,1,1,20,160,621.56,621.56,0,0.0
2023-02-01,241,1,1,14,2,1,1,20,160,680.24,680.24,0,0.0
2023-02-01,242,1,1,2,4,1,1,20,160,637.04,637.04,16,63.7
2023-02-01,243,1,5,12,4,1,1,20,160,614.83,614.83,8,30.74
2023-02-01,244,1,2,3,3,1,0,3,24,607.88,86.84,0,0.0
2023-02-01,245,1,1,5,2,1,1,20,160,666.11,666.11,4,16.65
2023-02-01,246,1,3,19,3,1,1,20,160,1473.07,1473.07,4,36.83
2023-02-01,247,1,5,17,3,1,1,20,160,622.1,622.1,0,0.0
2023-02-01,248,1,4,2,4,1,1,20,160,1105.77,1105.77,8,55.29
2023-02-01,249,1,1,1,3,1,1,20,160,713.61,713.61,0,0.0
2023-02-01,250,1,1,22,4,1,1,20,160,655.55,655.55,12,49.17
2023-02-01,251,1,3,1,3,1,1,20,160,1337.27,1337.27,0,0.0
2023-02-01,252,1,2,21,3,1,1,20,160,666.99,666.99,0,0.0
2023-02-01,253,1,2,10,4,1,1,20,160,610.85,610.85,4,15.27
2023-02-01,254,1,2,19,4,1,1,20,160,571.69,571.69,4,14.29
2023-02-01,255,1,1,21,4,1,1,20,160,602.16,602.16,4,15.05
2023-02-01,256,1,4,21,4,1,1,20,160,1204.0,1204.0,0,0.0
2023-02-01,257,1,2,22,4,1,1,20,160,648.15,648.15,0,0.0
2023-02-01,258,1,4,23,4,1,1,20,160,1255.45,1255.45,0,0.0
2023-02-01,259,1,3,8,4,1,1,20,160,1463.4,1463.4,0,0.0
2023-02-01,260,1,1,24,2,1,1,20,160,614.69,614.69,0,0.0
2023-02-01,261,1,5,23,4,1,1,20,160,714.07,714.07,8,35.7
2023-02-01,262,1,2,14,4,1,1,20,160,681.62,681.62,12,51.12
2023-02-01,263,1,3,12,3,1,1,20,160,1378.27,1378.27,12,103.37
2023-02-01,264,1,2,17,3,1,1,20,160,605.9,605.9,4,15.15
2023-02-01,265,1,2,4,4,1,1,20,160,644.86,644.86,4,16.12
2023-02-01,266,1,2,18,4,1,1,20,160,584.36,584.36,16,58.44
2023-02-01,267,1,5,13,4,1,1,20,160,625.47,625.47,8,31.27
2023-02-01,268,1,5,10,3,1,1,20,160,640.05,640.05,8,32.0
2023-02-01,269,1,1,8,3,1,1,20,160,645.91,645.91,0,0.0
2023-02-01,270,1,3,18,4,1,1,20,160,1451.53,1451.53,4,36.29
2023-02-01,271,1,1,18,4,1,1,20,160,647.8,647.8,8,32.39
2023-02-01,272,1,5,4,4,1,0,18,144,600.21,557.34,8,30.01
2023-02-01,273,1,3,15,4,1,1,20,160,1440.05,1440.05,4,36.0
2023-02-01,274,1,5,19,3,1,1,20,160,716.96,716.96,0,0.0
2023-02-01,275,1,4,15,4,1,1,20,160,1206.35,1206.35,8,60.32
2023-02-01,276,1,2,24,3,1,1,20,160,601.7,601.7,0,0.0
2023-02-01,277,1,5,21,4,1,1,20,160,643.97,643.97,4,16.1
2023-02-01,278,1,1,5,3,1,1,20,160,615.29,615.29,4,15.38
2023-02-01,279,1,4,10,3,1,1,20,160,1064.43,1064.43,0,0.0
2023-02-01,280,1,4,13,2,1,1,20,160,1099.08,1099.08,0,0.0
2023-02-01,281,1,1,17,3,1,1,20,160,693.7,693.7,0,0.0
2023-02-01,282,1,1,20,2,1,1,20,160,683.23,683.23,4,17.08
2023-02-01,283,1,5,12,3,1,1,20,160,603.99,603.99,0,0.0
2023-02-01,284,1,2,5,4,1,1,20,160,657.18,657.18,12,49.29
2023-02-01,285,5,14,27,2,1,1,20,160,1666.6,1666.6,0,0.0
2023-02-01,286,1,2,12,2,1,1,20,160,562.69,562.69,12,42.2
2023-02-01,287,1,2,13,4,1,0,2,16,608.78,86.97,0,0.0
2023-02-01,288,1,1,12,4,1,1,20,160,597.72,597.72,0,0.0
2023-02-01,289,1,3,1,3,1,1,20,160,1235.02,1235.02,0,0.0
2023-02-01,290,1,3,3,3,1,1,20,160,1212.37,1212.37,4,30.31
2023-02-01,291,1,2,2,4,1,1,20,160,612.72,612.72,4,15.32
2023-02-01,292,2,6,26,4,1,1,20,160,650.13,650.13,4,16.25
2023-02-01,293,1,1,23,3,1,1,20,160,700.48,700.48,8,35.02
2023-02-01,294,1,1,1,2,1,1,20,160,715.78,715.78,0,0.0
2023-02-01,295,1,5,18,4,1,1,20,160,621.94,621.94,4,15.55
2023-02-01,296,1,1,3,1,1,1,20,160,711.42,711.42,4,17.79
2023-02-01,297,1,5,5,4,1,1,20,160,664.51,664.51,4,16.61
2023-02-01,298,1,2,17,4,1,1,20,160,571.14,571.14,8,28.56
2023-02-01,299,2,6,25,3,1,1,20,160,731.81,731.81,12,54.89
2023-02-01,300,5,13,27,3,1,1,20,160,1174.84,1174.84,4,29.37
2023-02-01,301,1,5,1,4,1,1,20,160,694.85,694.85,16,69.49
2023-02-01,302,1,2,2,4,1,1,20,160,587.83,587.83,4,14.7
2023-02-01,303,1,1,24,2,1,1,20,160,653.48,653.48,0,0.0
2023-02-01,304,1,3,7,3,1,1,20,160,1264.57,1264.57,0,0.0
2023-02-01,305,1,2,1,4,1,1,20,160,606.35,606.35,4,15.16
2023-02-01,306,1,4,4,3,1,1,20,160,1064.84,1064.84,0,0.0
2023-02-01,307,1,5,2,2,1,1,20,160,715.06,715.06,0,0.0
2023-02-01,308,1,3,16,2,1,0,2,16,1261.18,180.17,16,126.12
2023-02-01,309,1,4,9,4,1,1,20,160,1124.69,1124.69,0,0.0
2023-02-01,310,1,2,21,4,1,1,20,160,623.17,623.17,0,0.0
2023-02-01,311,1,3,5,3,1,1,20,160,1320.94,1320.94,0,0.0
2023-02-01,312,1,1,21,4,1,1,20,160,593.33,593.33,0,0.0
2023-02-01,313,1,3,24,3,1,1,20,160,1453.88,1453.88,8,72.69
2023-02-01,314,2,7,25,3,1,1,20,160,754.95,754.95,8,37.75
2023-02-01,315,1,1,14,4,1,1,20,160,676.81,676.81,4,16.92
2023-02-01,316,1,1,24,3,1,0,2,16,702.47,100.35,8,35.12
2023-02-01,317,1,1,18,3,1,1,20,160,600.11,600.11,0,0.0
2023-02-01,318,1,2,11,2,1,1,20,160,593.58,593.58,8,29.68
2023-02-01,319,1,1,8,2,1,1,20,160,708.67,708.67,8,35.43
2023-02-01,320,1,4,10,3,1,1,20,160,1046.51,1046.51,4,26.16
2023-02-01,321,6,16,27,3,1,1,20,160,757.26,757.26,8,37.86
2023-02-01,322,6,16,27,1,1,1,20,160,720.46,720.46,12,54.03
2023-02-01,323,2,6,26,4,1,1,20,160,676.3,676.3,0,0.0
2023-02-01,324,1,1,15,4,1,1,20,160,713.45,713.45,16,71.35
2023-02-01,325,1,2,8,3,1,1,20,160,695.42,695.42,4,17.39
2023-02-01,326,1,1,15,4,1,1,20,160,614.59,614.59,0,0.0
2023-02-01,327,3,9,27,3,1,1,20,160,1158.82,1158.82,0,0.0
2023-02-01,328,1,2,19,3,1,1,20,160,680.76,680.76,12,51.06
2023-02-01,329,2,6,26,3,1,1,20,160,655.6,655.6,8,32.78
2023-02-01,330,2,6,26,4,1,1,20,160,643.52,643.52,0,0.0
2023-02-01,331,1,1,4,4,1,1,20,160,662.13,662.13,0,0.0
2023-02-01,332,1,5,23,4,1,1,20,160,704.17,704.17,16,70.42
2023-02-01,333,5,14,27,4,1,1,20,160,1733.22,1733.22,8,86.66
2023-02-01,334,1,1,11,2,1,1,20,160,702.57,702.57,4,17.56
2023-02-01,335,1,5,23,3,1,1,20,160,680.62,680.62,0,0.0
2023-02-01,336,1,1,8,4,1,1,20,160,612.16,612.16,4,15.3
2023-02-01,337,5,14,27,4,1,1,20,160,1788.29,1788.29,0,0.0
2023-02-01,338,2,6,26,4,1,1,20,160,726.44,726.44,0,0.0
2023-02-01,339,1,1,11,3,1,1,20,160,599.95,599.95,8,30.0
2023-02-01,340,5,13,27,4,1,1,20,160,1080.25,1080.25,8,54.01
2023-02-01,341,1,1,7,4,1,1,20,160,729.53,729.53,12,54.71
2023-02-01,342,1,1,23,3,1,1,20,160,689.47,689.47,4,17.24
2023-02-01,343,1,1,15,3,1,1,20,160,632.41,632.41,0,0.0
2023-02-01,344,1,1,24,4,1,1,20,160,686.68,686.68,4,17.17
2023-02-01,345,1,2,7,4,1,1,20,160,603.74,603.74,0,0.0
2023-02-01,346,1,5,14,4,1,1,20,160,678.14,678.14,12,50.86
2023-02-01,347,1,5,10,1,1,1,20,160,690.03,690.03,0,0.0
2023-02-01,348,1,4,13,4,1,1,20,160,1283.13,1283.13,8,64.16
2023-02-01,349,6,15,27,4,1,1,20,160,1225.73,1225.73,12,91.93
2023-02-01,350,1,5,23,3,1,1,20,160,689.54,689.54,8,34.48
2023-02-01,376,3,10,27,1,1,1,20,160,2433.03,2433.03,0,0.0
2023-02-01,397,1,3,7,1,0,1,11,88,1464.55,836.89,0,0.0
2023-02-01,399,1,1,20,1,0,1,12,96,694.68,396.96,0,0.0
2023-02-01,457,1,5,9,1,1,1,20,160,684.38,684.38,0,0.0
2023-02-01,469,1,5,14,1,1,1,20,160,620.57,620.57,0,0.0
2023-02-01,490,3,10,27,1,1,1,20,160,2076.08,2076.08,4,51.9
2023-02-01,492,1,1,20,1,1,0,2,16,594.08,84.87,8,29.7
2023-02-01,510,5,14,27,1,0,1,19,152,1934.73,1865.63,0,0.0
2023-02-01,523,1,1,9,1,0,1,9,72,602.16,279.57,16,60.22
2023-02-01,530,1,1,21,1,1,1,20,160,689.68,689.68,12,51.73
2023-02-01,547,1,2,8,1,1,1,20,160,630.28,630.28,4,15.76
2023-02-01,566,6,15,27,1,0,1,14,112,1350.08,964.34,4,33.75
2023-02-01,632,5,14,27,1,1,1,20,160,1858.32,1858.32,0,0.0
2023-02-01,658,1,5,1,1,1,1,20,160,630.48,630.48,0,0.0
2023-02-01,668,1,1,19,1,0,1,11,88,681.85,389.63,0,0.0
2023-02-01,690,1,2,19,1,1,1,20,160,632.55,632.55,8,31.63
2023-02-01,694,1,2,11,1,0,1,2,16,628.06,44.86,4,15.7
2023-02-01,707,1,5,22,1,1,1,20,160,588.47,588.47,4,14.71
2023-02-01,708,4,12,27,1,1,1,20,160,2722.1,2722.1,0,0.0
2023-02-01,716,1,4,8,1,1,1,20,160,1127.77,1127.77,0,0.0
2023-02-01,717,2,7,25,1,1,1,20,160,840.47,840.47,0,0.0
2023-02-01,723,1,1,24,1,1,1,20,160,656.38,656.38,0,0.0
2023-02-01,765,2,7,26,1,0,1,6,48,845.61,241.6,0,0.0
2023-02-01,772,1,5,17,1,1,1,20,160,643.34,643.34,12,48.25
2023-02-01,787,1,5,18,1,0,1,10,80,718.3,333.5,16,71.83
2023-02-01,792,1,2,16,1,0,1,15,120,623.85,467.89,0,0.0
2023-02-01,802,1,2,22,1,1,1,20,160,668.9,668.9,16,66.89
2023-02-01,824,1,1,11,1,0,1,16,128,641.44,526.9,0,0.0
2023-02-01,838,1,1,6,1,1,1,20,160,634.22,634.22,0,0.0
2023-02-01,853,1,1,11,1,1,1,20,160,712.31,712.31,8,35.62
2023-02-01,895,1,3,15,1,1,1,20,160,1342.39,1342.39,8,67.12
2023-01-01,61,2,6,26,4,1,1,21,168,681.79,681.79,12,51.13
2023-01-01,62,1,2,15,4,1,1,22,176,578.72,578.72,4,14.47
2023-01-01,63,1,2,14,2,1,1,23,184,633.27,633.27,4,15.83
2023-01-01,64,6,16,27,4,1,1,23,184,677.09,677.09,12,50.78
2023-01-01,65,1,3,20,3,1,1,23,184,1217.76,1217.76,8,60.89
2023-01-01,66,1,5,7,3,1,1,22,176,716.81,716.81,8,35.84
2023-01-01,67,1,1,2,3,1,1,21,168,651.63,651.63,0,0.0
2023-01-01,68,1,2,7,4,1,1,21,168,636.45,636.45,0,0.0
2023-01-01,69,1,2,14,3,1,1,22,176,649.81,649.81,0,0.0
2023-01-01,70,2,6,26,4,1,1,23,184,644.39,644.39,0,0.0
